DATAFLOW,LAST UPDATE,freq,unit,nace_r2,na_item,geo,TIME_PERIOD,OBS_VALUE,OBS_FLAG,CONF_STATUS
ESTAT:NAMA_10_A10_E(1.0),20/01/26 23:00:00,Annual,Thousand hours worked,"Agriculture, forestry and fishing",Total employment domestic concept,Austria,2000,651097,,
ESTAT:NAMA_10_A10_E(1.0),20/01/26 23:00:00,Annual,Thousand hours worked,"Agriculture, forestry and fishing",Total employment domestic concept,Austria,2001,632511,,
ESTAT:NAMA_10_A10_E(1.0),20/01/26 23:00:00,Annual,Thousand hours worked,"Agriculture, forestry and fishing",Total employment domestic concept,Austria,2002,621815,,
ESTAT:NAMA_10_A10_E(1.0),20/01/26 23:00:00,Annual,Thousand hours worked,"Agriculture, forestry and fishing",Total employment domestic concept,Austria,2003,618583,,
ESTAT:NAMA_10_A10_E(1.0),20/01/26 23:00:00,Annual,Thousand hours worked,"Agriculture, forestry and fishing",Total employment domestic concept,Austria,2004,602496,,
ESTAT:NAMA_10_A10_E(1.0),20/01/26 23:00:00,Annual,Thousand hours worked,"Agriculture, forestry and fishing",Total employment domestic concept,Austria,2005,588611,,
ESTAT:NAMA_10_A10_E(1.0),20/01/26 23:00:00,Annual,Thousand hours worked,"Agriculture, forestry and fishing",Total employment domestic concept,Austria,2006,568592,,
ESTAT:NAMA_10_A10_E(1.0),20/01/26 23:00:00,Annual,Thousand hours worked,"Agriculture, forestry and fishing",Total employment domestic concept,Austria,2007,550690,,
ESTAT:NAMA_10_A10_E(1.0),20/01/26 23:00:00,Annual,Thousand hours worked,"Agriculture, forestry and fishing",Total employment domestic concept,Austria,2008,527584,,
ESTAT:NAMA_10_A10_E(1.0),20/01/26 23:00:00,Annual,Thousand hours worked,"Agriculture, forestry and fishing",Total employment domestic concept,Austria,2009,504012,,
ESTAT:NAMA_10_A10_E(1.0),20/01/26 23:00:00,Annual,Thousand hours worked,"Agriculture, forestry and fishing",Total employment domestic concept,Austria,2010,487378,,
ESTAT:NAMA_10_A10_E(1.0),20/01/26 23:00:00,Annual,Thousand hours worked,"Agriculture, forestry and fishing",Total employment domestic concept,Austria,2011,501351,,
ESTAT:NAMA_10_A10_E(1.0),20/01/26 23:00:00,Annual,Thousand hours worked,"Agriculture, forestry and fishing",Total employment domestic concept,Austria,2012,452804,,
ESTAT:NAMA_10_A10_E(1.0),20/01/26 23:00:00,Annual,Thousand hours worked,"Agriculture, forestry and fishing",Total employment domestic concept,Austria,2013,434137,,
ESTAT:NAMA_10_A10_E(1.0),20/01/26 23:00:00,Annual,Thousand hours worked,"Agriculture, forestry and fishing",Total employment domestic concept,Austria,2014,435834,,
ESTAT:NAMA_10_A10_E(1.0),20/01/26 23:00:00,Annual,Thousand hours worked,"Agriculture, forestry and fishing",Total employment domestic concept,Austria,2015,416177,,
ESTAT:NAMA_10_A10_E(1.0),20/01/26 23:00:00,Annual,Thousand hours worked,"Agriculture, forestry and fishing",Total employment domestic concept,Austria,2016,413752,,
ESTAT:NAMA_10_A10_E(1.0),20/01/26 23:00:00,Annual,Thousand hours worked,"Agriculture, forestry and fishing",Total employment domestic concept,Austria,2017,406137,,
ESTAT:NAMA_10_A10_E(1.0),20/01/26 23:00:00,Annual,Thousand hours worked,"Agriculture, forestry and fishing",Total employment domestic concept,Austria,2018,393352,,
ESTAT:NAMA_10_A10_E(1.0),20/01/26 23:00:00,Annual,Thousand hours worked,"Agriculture, forestry and fishing",Total employment domestic concept,Austria,2019,380631,,
ESTAT:NAMA_10_A10_E(1.0),20/01/26 23:00:00,Annual,Thousand hours worked,"Agriculture, forestry and fishing",Total employment domestic concept,Austria,2020,403537,,
ESTAT:NAMA_10_A10_E(1.0),20/01/26 23:00:00,Annual,Thousand hours worked,"Agriculture, forestry and fishing",Total employment domestic concept,Austria,2021,405195,,
ESTAT:NAMA_10_A10_E(1.0),20/01/26 23:00:00,Annual,Thousand hours worked,"Agriculture, forestry and fishing",Total employment domestic concept,Austria,2022,395438,,
ESTAT:NAMA_10_A10_E(1.0),20/01/26 23:00:00,Annual,Thousand hours worked,"Agriculture, forestry and fishing",Total employment domestic concept,Austria,2023,361630,,
ESTAT:NAMA_10_A10_E(1.0),20/01/26 23:00:00,Annual,Thousand hours worked,"Agriculture, forestry and fishing",Total employment domestic concept,Germany,2000,1575300,,
ESTAT:NAMA_10_A10_E(1.0),20/01/26 23:00:00,Annual,Thousand hours worked,"Agriculture, forestry and fishing",Total employment domestic concept,Germany,2001,1489480,,
ESTAT:NAMA_10_A10_E(1.0),20/01/26 23:00:00,Annual,Thousand hours worked,"Agriculture, forestry and fishing",Total employment domestic concept,Germany,2002,1436177,,
ESTAT:NAMA_10_A10_E(1.0),20/01/26 23:00:00,Annual,Thousand hours worked,"Agriculture, forestry and fishing",Total employment domestic concept,Germany,2003,1391418,,
ESTAT:NAMA_10_A10_E(1.0),20/01/26 23:00:00,Annual,Thousand hours worked,"Agriculture, forestry and fishing",Total employment domestic concept,Germany,2004,1357841,,
ESTAT:NAMA_10_A10_E(1.0),20/01/26 23:00:00,Annual,Thousand hours worked,"Agriculture, forestry and fishing",Total employment domestic concept,Germany,2005,1308210,,
ESTAT:NAMA_10_A10_E(1.0),20/01/26 23:00:00,Annual,Thousand hours worked,"Agriculture, forestry and fishing",Total employment domestic concept,Germany,2006,1277340,,
ESTAT:NAMA_10_A10_E(1.0),20/01/26 23:00:00,Annual,Thousand hours worked,"Agriculture, forestry and fishing",Total employment domestic concept,Germany,2007,1280197,,
ESTAT:NAMA_10_A10_E(1.0),20/01/26 23:00:00,Annual,Thousand hours worked,"Agriculture, forestry and fishing",Total employment domestic concept,Germany,2008,1265949,,
ESTAT:NAMA_10_A10_E(1.0),20/01/26 23:00:00,Annual,Thousand hours worked,"Agriculture, forestry and fishing",Total employment domestic concept,Germany,2009,1242690,,
ESTAT:NAMA_10_A10_E(1.0),20/01/26 23:00:00,Annual,Thousand hours worked,"Agriculture, forestry and fishing",Total employment domestic concept,Germany,2010,1225437,,
ESTAT:NAMA_10_A10_E(1.0),20/01/26 23:00:00,Annual,Thousand hours worked,"Agriculture, forestry and fishing",Total employment domestic concept,Germany,2011,1226214,,
ESTAT:NAMA_10_A10_E(1.0),20/01/26 23:00:00,Annual,Thousand hours worked,"Agriculture, forestry and fishing",Total employment domestic concept,Germany,2012,1199660,,
ESTAT:NAMA_10_A10_E(1.0),20/01/26 23:00:00,Annual,Thousand hours worked,"Agriculture, forestry and fishing",Total employment domestic concept,Germany,2013,1169964,,
ESTAT:NAMA_10_A10_E(1.0),20/01/26 23:00:00,Annual,Thousand hours worked,"Agriculture, forestry and fishing",Total employment domestic concept,Germany,2014,1144881,,
ESTAT:NAMA_10_A10_E(1.0),20/01/26 23:00:00,Annual,Thousand hours worked,"Agriculture, forestry and fishing",Total employment domestic concept,Germany,2015,1127356,,
ESTAT:NAMA_10_A10_E(1.0),20/01/26 23:00:00,Annual,Thousand hours worked,"Agriculture, forestry and fishing",Total employment domestic concept,Germany,2016,1103561,,
ESTAT:NAMA_10_A10_E(1.0),20/01/26 23:00:00,Annual,Thousand hours worked,"Agriculture, forestry and fishing",Total employment domestic concept,Germany,2017,1060775,,
ESTAT:NAMA_10_A10_E(1.0),20/01/26 23:00:00,Annual,Thousand hours worked,"Agriculture, forestry and fishing",Total employment domestic concept,Germany,2018,1047303,,
ESTAT:NAMA_10_A10_E(1.0),20/01/26 23:00:00,Annual,Thousand hours worked,"Agriculture, forestry and fishing",Total employment domestic concept,Germany,2019,1016062,,
ESTAT:NAMA_10_A10_E(1.0),20/01/26 23:00:00,Annual,Thousand hours worked,"Agriculture, forestry and fishing",Total employment domestic concept,Germany,2020,971364,,
ESTAT:NAMA_10_A10_E(1.0),20/01/26 23:00:00,Annual,Thousand hours worked,"Agriculture, forestry and fishing",Total employment domestic concept,Germany,2021,980111,,
ESTAT:NAMA_10_A10_E(1.0),20/01/26 23:00:00,Annual,Thousand hours worked,"Agriculture, forestry and fishing",Total employment domestic concept,Germany,2022,969462,p,
ESTAT:NAMA_10_A10_E(1.0),20/01/26 23:00:00,Annual,Thousand hours worked,"Agriculture, forestry and fishing",Total employment domestic concept,Germany,2023,951254,p,
ESTAT:NAMA_10_A10_E(1.0),20/01/26 23:00:00,Annual,Thousand hours worked,"Agriculture, forestry and fishing",Total employment domestic concept,Spain,2000,1992409,,
ESTAT:NAMA_10_A10_E(1.0),20/01/26 23:00:00,Annual,Thousand hours worked,"Agriculture, forestry and fishing",Total employment domestic concept,Spain,2001,2007718,,
ESTAT:NAMA_10_A10_E(1.0),20/01/26 23:00:00,Annual,Thousand hours worked,"Agriculture, forestry and fishing",Total employment domestic concept,Spain,2002,1982136,,
ESTAT:NAMA_10_A10_E(1.0),20/01/26 23:00:00,Annual,Thousand hours worked,"Agriculture, forestry and fishing",Total employment domestic concept,Spain,2003,1942432,,
ESTAT:NAMA_10_A10_E(1.0),20/01/26 23:00:00,Annual,Thousand hours worked,"Agriculture, forestry and fishing",Total employment domestic concept,Spain,2004,1888725,,
ESTAT:NAMA_10_A10_E(1.0),20/01/26 23:00:00,Annual,Thousand hours worked,"Agriculture, forestry and fishing",Total employment domestic concept,Spain,2005,1831585,,
ESTAT:NAMA_10_A10_E(1.0),20/01/26 23:00:00,Annual,Thousand hours worked,"Agriculture, forestry and fishing",Total employment domestic concept,Spain,2006,1732928,,
ESTAT:NAMA_10_A10_E(1.0),20/01/26 23:00:00,Annual,Thousand hours worked,"Agriculture, forestry and fishing",Total employment domestic concept,Spain,2007,1689664,,
ESTAT:NAMA_10_A10_E(1.0),20/01/26 23:00:00,Annual,Thousand hours worked,"Agriculture, forestry and fishing",Total employment domestic concept,Spain,2008,1626880,,
ESTAT:NAMA_10_A10_E(1.0),20/01/26 23:00:00,Annual,Thousand hours worked,"Agriculture, forestry and fishing",Total employment domestic concept,Spain,2009,1555916,,
ESTAT:NAMA_10_A10_E(1.0),20/01/26 23:00:00,Annual,Thousand hours worked,"Agriculture, forestry and fishing",Total employment domestic concept,Spain,2010,1551831,,
ESTAT:NAMA_10_A10_E(1.0),20/01/26 23:00:00,Annual,Thousand hours worked,"Agriculture, forestry and fishing",Total employment domestic concept,Spain,2011,1532619,,
ESTAT:NAMA_10_A10_E(1.0),20/01/26 23:00:00,Annual,Thousand hours worked,"Agriculture, forestry and fishing",Total employment domestic concept,Spain,2012,1494593,,
ESTAT:NAMA_10_A10_E(1.0),20/01/26 23:00:00,Annual,Thousand hours worked,"Agriculture, forestry and fishing",Total employment domestic concept,Spain,2013,1468367,,
ESTAT:NAMA_10_A10_E(1.0),20/01/26 23:00:00,Annual,Thousand hours worked,"Agriculture, forestry and fishing",Total employment domestic concept,Spain,2014,1468763,,
ESTAT:NAMA_10_A10_E(1.0),20/01/26 23:00:00,Annual,Thousand hours worked,"Agriculture, forestry and fishing",Total employment domestic concept,Spain,2015,1467630,,
ESTAT:NAMA_10_A10_E(1.0),20/01/26 23:00:00,Annual,Thousand hours worked,"Agriculture, forestry and fishing",Total employment domestic concept,Spain,2016,1527666,,
ESTAT:NAMA_10_A10_E(1.0),20/01/26 23:00:00,Annual,Thousand hours worked,"Agriculture, forestry and fishing",Total employment domestic concept,Spain,2017,1562339,,
ESTAT:NAMA_10_A10_E(1.0),20/01/26 23:00:00,Annual,Thousand hours worked,"Agriculture, forestry and fishing",Total employment domestic concept,Spain,2018,1542424,,
ESTAT:NAMA_10_A10_E(1.0),20/01/26 23:00:00,Annual,Thousand hours worked,"Agriculture, forestry and fishing",Total employment domestic concept,Spain,2019,1506694,,
ESTAT:NAMA_10_A10_E(1.0),20/01/26 23:00:00,Annual,Thousand hours worked,"Agriculture, forestry and fishing",Total employment domestic concept,Spain,2020,1461849,,
ESTAT:NAMA_10_A10_E(1.0),20/01/26 23:00:00,Annual,Thousand hours worked,"Agriculture, forestry and fishing",Total employment domestic concept,Spain,2021,1515257,,
ESTAT:NAMA_10_A10_E(1.0),20/01/26 23:00:00,Annual,Thousand hours worked,"Agriculture, forestry and fishing",Total employment domestic concept,Spain,2022,1478600,,
ESTAT:NAMA_10_A10_E(1.0),20/01/26 23:00:00,Annual,Thousand hours worked,"Agriculture, forestry and fishing",Total employment domestic concept,Spain,2023,1447339,p,
ESTAT:NAMA_10_A10_E(1.0),20/01/26 23:00:00,Annual,Thousand hours worked,"Agriculture, forestry and fishing",Total employment domestic concept,Netherlands,2000,473226,,
ESTAT:NAMA_10_A10_E(1.0),20/01/26 23:00:00,Annual,Thousand hours worked,"Agriculture, forestry and fishing",Total employment domestic concept,Netherlands,2001,455421,,
ESTAT:NAMA_10_A10_E(1.0),20/01/26 23:00:00,Annual,Thousand hours worked,"Agriculture, forestry and fishing",Total employment domestic concept,Netherlands,2002,452433,,
ESTAT:NAMA_10_A10_E(1.0),20/01/26 23:00:00,Annual,Thousand hours worked,"Agriculture, forestry and fishing",Total employment domestic concept,Netherlands,2003,426488,,
ESTAT:NAMA_10_A10_E(1.0),20/01/26 23:00:00,Annual,Thousand hours worked,"Agriculture, forestry and fishing",Total employment domestic concept,Netherlands,2004,424273,,
ESTAT:NAMA_10_A10_E(1.0),20/01/26 23:00:00,Annual,Thousand hours worked,"Agriculture, forestry and fishing",Total employment domestic concept,Netherlands,2005,418057,,
ESTAT:NAMA_10_A10_E(1.0),20/01/26 23:00:00,Annual,Thousand hours worked,"Agriculture, forestry and fishing",Total employment domestic concept,Netherlands,2006,407102,,
ESTAT:NAMA_10_A10_E(1.0),20/01/26 23:00:00,Annual,Thousand hours worked,"Agriculture, forestry and fishing",Total employment domestic concept,Netherlands,2007,401379,,
ESTAT:NAMA_10_A10_E(1.0),20/01/26 23:00:00,Annual,Thousand hours worked,"Agriculture, forestry and fishing",Total employment domestic concept,Netherlands,2008,399653,,
ESTAT:NAMA_10_A10_E(1.0),20/01/26 23:00:00,Annual,Thousand hours worked,"Agriculture, forestry and fishing",Total employment domestic concept,Netherlands,2009,396055,,
ESTAT:NAMA_10_A10_E(1.0),20/01/26 23:00:00,Annual,Thousand hours worked,"Agriculture, forestry and fishing",Total employment domestic concept,Netherlands,2010,389735,,
ESTAT:NAMA_10_A10_E(1.0),20/01/26 23:00:00,Annual,Thousand hours worked,"Agriculture, forestry and fishing",Total employment domestic concept,Netherlands,2011,386319,,
ESTAT:NAMA_10_A10_E(1.0),20/01/26 23:00:00,Annual,Thousand hours worked,"Agriculture, forestry and fishing",Total employment domestic concept,Netherlands,2012,380057,,
ESTAT:NAMA_10_A10_E(1.0),20/01/26 23:00:00,Annual,Thousand hours worked,"Agriculture, forestry and fishing",Total employment domestic concept,Netherlands,2013,378874,,
ESTAT:NAMA_10_A10_E(1.0),20/01/26 23:00:00,Annual,Thousand hours worked,"Agriculture, forestry and fishing",Total employment domestic concept,Netherlands,2014,382764,,
ESTAT:NAMA_10_A10_E(1.0),20/01/26 23:00:00,Annual,Thousand hours worked,"Agriculture, forestry and fishing",Total employment domestic concept,Netherlands,2015,378509,,
ESTAT:NAMA_10_A10_E(1.0),20/01/26 23:00:00,Annual,Thousand hours worked,"Agriculture, forestry and fishing",Total employment domestic concept,Netherlands,2016,389738,,
ESTAT:NAMA_10_A10_E(1.0),20/01/26 23:00:00,Annual,Thousand hours worked,"Agriculture, forestry and fishing",Total employment domestic concept,Netherlands,2017,397857,,
ESTAT:NAMA_10_A10_E(1.0),20/01/26 23:00:00,Annual,Thousand hours worked,"Agriculture, forestry and fishing",Total employment domestic concept,Netherlands,2018,401167,,
ESTAT:NAMA_10_A10_E(1.0),20/01/26 23:00:00,Annual,Thousand hours worked,"Agriculture, forestry and fishing",Total employment domestic concept,Netherlands,2019,409046,,
ESTAT:NAMA_10_A10_E(1.0),20/01/26 23:00:00,Annual,Thousand hours worked,"Agriculture, forestry and fishing",Total employment domestic concept,Netherlands,2020,400406,,
ESTAT:NAMA_10_A10_E(1.0),20/01/26 23:00:00,Annual,Thousand hours worked,"Agriculture, forestry and fishing",Total employment domestic concept,Netherlands,2021,397606,,
ESTAT:NAMA_10_A10_E(1.0),20/01/26 23:00:00,Annual,Thousand hours worked,"Agriculture, forestry and fishing",Total employment domestic concept,Netherlands,2022,386547,,
ESTAT:NAMA_10_A10_E(1.0),20/01/26 23:00:00,Annual,Thousand hours worked,"Agriculture, forestry and fishing",Total employment domestic concept,Netherlands,2023,384798,p,
ESTAT:NAMA_10_A10_E(1.0),20/01/26 23:00:00,Annual,Thousand hours worked,"Agriculture, forestry and fishing",Total employment domestic concept,Portugal,2000,1106379,,
ESTAT:NAMA_10_A10_E(1.0),20/01/26 23:00:00,Annual,Thousand hours worked,"Agriculture, forestry and fishing",Total employment domestic concept,Portugal,2001,1105190,,
ESTAT:NAMA_10_A10_E(1.0),20/01/26 23:00:00,Annual,Thousand hours worked,"Agriculture, forestry and fishing",Total employment domestic concept,Portugal,2002,1053778,,
ESTAT:NAMA_10_A10_E(1.0),20/01/26 23:00:00,Annual,Thousand hours worked,"Agriculture, forestry and fishing",Total employment domestic concept,Portugal,2003,1047143,,
ESTAT:NAMA_10_A10_E(1.0),20/01/26 23:00:00,Annual,Thousand hours worked,"Agriculture, forestry and fishing",Total employment domestic concept,Portugal,2004,996113,,
ESTAT:NAMA_10_A10_E(1.0),20/01/26 23:00:00,Annual,Thousand hours worked,"Agriculture, forestry and fishing",Total employment domestic concept,Portugal,2005,969704,,
ESTAT:NAMA_10_A10_E(1.0),20/01/26 23:00:00,Annual,Thousand hours worked,"Agriculture, forestry and fishing",Total employment domestic concept,Portugal,2006,923523,,
ESTAT:NAMA_10_A10_E(1.0),20/01/26 23:00:00,Annual,Thousand hours worked,"Agriculture, forestry and fishing",Total employment domestic concept,Portugal,2007,925962,,
ESTAT:NAMA_10_A10_E(1.0),20/01/26 23:00:00,Annual,Thousand hours worked,"Agriculture, forestry and fishing",Total employment domestic concept,Portugal,2008,898947,,
ESTAT:NAMA_10_A10_E(1.0),20/01/26 23:00:00,Annual,Thousand hours worked,"Agriculture, forestry and fishing",Total employment domestic concept,Portugal,2009,872224,,
ESTAT:NAMA_10_A10_E(1.0),20/01/26 23:00:00,Annual,Thousand hours worked,"Agriculture, forestry and fishing",Total employment domestic concept,Portugal,2010,797923,,
ESTAT:NAMA_10_A10_E(1.0),20/01/26 23:00:00,Annual,Thousand hours worked,"Agriculture, forestry and fishing",Total employment domestic concept,Portugal,2011,723890,,
ESTAT:NAMA_10_A10_E(1.0),20/01/26 23:00:00,Annual,Thousand hours worked,"Agriculture, forestry and fishing",Total employment domestic concept,Portugal,2012,685832,,
ESTAT:NAMA_10_A10_E(1.0),20/01/26 23:00:00,Annual,Thousand hours worked,"Agriculture, forestry and fishing",Total employment domestic concept,Portugal,2013,643402,,
ESTAT:NAMA_10_A10_E(1.0),20/01/26 23:00:00,Annual,Thousand hours worked,"Agriculture, forestry and fishing",Total employment domestic concept,Portugal,2014,601989,,
ESTAT:NAMA_10_A10_E(1.0),20/01/26 23:00:00,Annual,Thousand hours worked,"Agriculture, forestry and fishing",Total employment domestic concept,Portugal,2015,581026,,
ESTAT:NAMA_10_A10_E(1.0),20/01/26 23:00:00,Annual,Thousand hours worked,"Agriculture, forestry and fishing",Total employment domestic concept,Portugal,2016,548468,,
ESTAT:NAMA_10_A10_E(1.0),20/01/26 23:00:00,Annual,Thousand hours worked,"Agriculture, forestry and fishing",Total employment domestic concept,Portugal,2017,530242,,
ESTAT:NAMA_10_A10_E(1.0),20/01/26 23:00:00,Annual,Thousand hours worked,"Agriculture, forestry and fishing",Total employment domestic concept,Portugal,2018,526561,,
ESTAT:NAMA_10_A10_E(1.0),20/01/26 23:00:00,Annual,Thousand hours worked,"Agriculture, forestry and fishing",Total employment domestic concept,Portugal,2019,494151,,
ESTAT:NAMA_10_A10_E(1.0),20/01/26 23:00:00,Annual,Thousand hours worked,"Agriculture, forestry and fishing",Total employment domestic concept,Portugal,2020,476010,,
ESTAT:NAMA_10_A10_E(1.0),20/01/26 23:00:00,Annual,Thousand hours worked,"Agriculture, forestry and fishing",Total employment domestic concept,Portugal,2021,456942,,
ESTAT:NAMA_10_A10_E(1.0),20/01/26 23:00:00,Annual,Thousand hours worked,"Agriculture, forestry and fishing",Total employment domestic concept,Portugal,2022,425051,,
ESTAT:NAMA_10_A10_E(1.0),20/01/26 23:00:00,Annual,Thousand hours worked,"Agriculture, forestry and fishing",Total employment domestic concept,Portugal,2023,443515,,
ESTAT:NAMA_10_A10_E(1.0),20/01/26 23:00:00,Annual,Thousand hours worked,Manufacturing,Total employment domestic concept,Austria,2000,1116838,,
ESTAT:NAMA_10_A10_E(1.0),20/01/26 23:00:00,Annual,Thousand hours worked,Manufacturing,Total employment domestic concept,Austria,2001,1112678,,
ESTAT:NAMA_10_A10_E(1.0),20/01/26 23:00:00,Annual,Thousand hours worked,Manufacturing,Total employment domestic concept,Austria,2002,1076233,,
ESTAT:NAMA_10_A10_E(1.0),20/01/26 23:00:00,Annual,Thousand hours worked,Manufacturing,Total employment domestic concept,Austria,2003,1069876,,
ESTAT:NAMA_10_A10_E(1.0),20/01/26 23:00:00,Annual,Thousand hours worked,Manufacturing,Total employment domestic concept,Austria,2004,1069123,,
ESTAT:NAMA_10_A10_E(1.0),20/01/26 23:00:00,Annual,Thousand hours worked,Manufacturing,Total employment domestic concept,Austria,2005,1065297,,
ESTAT:NAMA_10_A10_E(1.0),20/01/26 23:00:00,Annual,Thousand hours worked,Manufacturing,Total employment domestic concept,Austria,2006,1068969,,
ESTAT:NAMA_10_A10_E(1.0),20/01/26 23:00:00,Annual,Thousand hours worked,Manufacturing,Total employment domestic concept,Austria,2007,1090532,,
ESTAT:NAMA_10_A10_E(1.0),20/01/26 23:00:00,Annual,Thousand hours worked,Manufacturing,Total employment domestic concept,Austria,2008,1093528,,
ESTAT:NAMA_10_A10_E(1.0),20/01/26 23:00:00,Annual,Thousand hours worked,Manufacturing,Total employment domestic concept,Austria,2009,1014794,,
ESTAT:NAMA_10_A10_E(1.0),20/01/26 23:00:00,Annual,Thousand hours worked,Manufacturing,Total employment domestic concept,Austria,2010,1018154,,
ESTAT:NAMA_10_A10_E(1.0),20/01/26 23:00:00,Annual,Thousand hours worked,Manufacturing,Total employment domestic concept,Austria,2011,1034089,,
ESTAT:NAMA_10_A10_E(1.0),20/01/26 23:00:00,Annual,Thousand hours worked,Manufacturing,Total employment domestic concept,Austria,2012,1041534,,
ESTAT:NAMA_10_A10_E(1.0),20/01/26 23:00:00,Annual,Thousand hours worked,Manufacturing,Total employment domestic concept,Austria,2013,1037191,,
ESTAT:NAMA_10_A10_E(1.0),20/01/26 23:00:00,Annual,Thousand hours worked,Manufacturing,Total employment domestic concept,Austria,2014,1038599,,
ESTAT:NAMA_10_A10_E(1.0),20/01/26 23:00:00,Annual,Thousand hours worked,Manufacturing,Total employment domestic concept,Austria,2015,1037511,,
ESTAT:NAMA_10_A10_E(1.0),20/01/26 23:00:00,Annual,Thousand hours worked,Manufacturing,Total employment domestic concept,Austria,2016,1041908,,
ESTAT:NAMA_10_A10_E(1.0),20/01/26 23:00:00,Annual,Thousand hours worked,Manufacturing,Total employment domestic concept,Austria,2017,1050800,,
ESTAT:NAMA_10_A10_E(1.0),20/01/26 23:00:00,Annual,Thousand hours worked,Manufacturing,Total employment domestic concept,Austria,2018,1071936,,
ESTAT:NAMA_10_A10_E(1.0),20/01/26 23:00:00,Annual,Thousand hours worked,Manufacturing,Total employment domestic concept,Austria,2019,1083034,,
ESTAT:NAMA_10_A10_E(1.0),20/01/26 23:00:00,Annual,Thousand hours worked,Manufacturing,Total employment domestic concept,Austria,2020,1023216,,
ESTAT:NAMA_10_A10_E(1.0),20/01/26 23:00:00,Annual,Thousand hours worked,Manufacturing,Total employment domestic concept,Austria,2021,1073982,,
ESTAT:NAMA_10_A10_E(1.0),20/01/26 23:00:00,Annual,Thousand hours worked,Manufacturing,Total employment domestic concept,Austria,2022,1090035,,
ESTAT:NAMA_10_A10_E(1.0),20/01/26 23:00:00,Annual,Thousand hours worked,Manufacturing,Total employment domestic concept,Austria,2023,1100168,,
ESTAT:NAMA_10_A10_E(1.0),20/01/26 23:00:00,Annual,Thousand hours worked,Manufacturing,Total employment domestic concept,Germany,2000,11748269,,
ESTAT:NAMA_10_A10_E(1.0),20/01/26 23:00:00,Annual,Thousand hours worked,Manufacturing,Total employment domestic concept,Germany,2001,11686508,,
ESTAT:NAMA_10_A10_E(1.0),20/01/26 23:00:00,Annual,Thousand hours worked,Manufacturing,Total employment domestic concept,Germany,2002,11410955,,
ESTAT:NAMA_10_A10_E(1.0),20/01/26 23:00:00,Annual,Thousand hours worked,Manufacturing,Total employment domestic concept,Germany,2003,11135950,,
ESTAT:NAMA_10_A10_E(1.0),20/01/26 23:00:00,Annual,Thousand hours worked,Manufacturing,Total employment domestic concept,Germany,2004,11104276,,
ESTAT:NAMA_10_A10_E(1.0),20/01/26 23:00:00,Annual,Thousand hours worked,Manufacturing,Total employment domestic concept,Germany,2005,10812800,,
ESTAT:NAMA_10_A10_E(1.0),20/01/26 23:00:00,Annual,Thousand hours worked,Manufacturing,Total employment domestic concept,Germany,2006,10800344,,
ESTAT:NAMA_10_A10_E(1.0),20/01/26 23:00:00,Annual,Thousand hours worked,Manufacturing,Total employment domestic concept,Germany,2007,10972682,,
ESTAT:NAMA_10_A10_E(1.0),20/01/26 23:00:00,Annual,Thousand hours worked,Manufacturing,Total employment domestic concept,Germany,2008,11204562,,
ESTAT:NAMA_10_A10_E(1.0),20/01/26 23:00:00,Annual,Thousand hours worked,Manufacturing,Total employment domestic concept,Germany,2009,10237355,,
ESTAT:NAMA_10_A10_E(1.0),20/01/26 23:00:00,Annual,Thousand hours worked,Manufacturing,Total employment domestic concept,Germany,2010,10431764,,
ESTAT:NAMA_10_A10_E(1.0),20/01/26 23:00:00,Annual,Thousand hours worked,Manufacturing,Total employment domestic concept,Germany,2011,10795965,,
ESTAT:NAMA_10_A10_E(1.0),20/01/26 23:00:00,Annual,Thousand hours worked,Manufacturing,Total employment domestic concept,Germany,2012,10775697,,
ESTAT:NAMA_10_A10_E(1.0),20/01/26 23:00:00,Annual,Thousand hours worked,Manufacturing,Total employment domestic concept,Germany,2013,10828024,,
ESTAT:NAMA_10_A10_E(1.0),20/01/26 23:00:00,Annual,Thousand hours worked,Manufacturing,Total employment domestic concept,Germany,2014,11004039,,
ESTAT:NAMA_10_A10_E(1.0),20/01/26 23:00:00,Annual,Thousand hours worked,Manufacturing,Total employment domestic concept,Germany,2015,11100112,,
ESTAT:NAMA_10_A10_E(1.0),20/01/26 23:00:00,Annual,Thousand hours worked,Manufacturing,Total employment domestic concept,Germany,2016,11083494,,
ESTAT:NAMA_10_A10_E(1.0),20/01/26 23:00:00,Annual,Thousand hours worked,Manufacturing,Total employment domestic concept,Germany,2017,11101223,,
ESTAT:NAMA_10_A10_E(1.0),20/01/26 23:00:00,Annual,Thousand hours worked,Manufacturing,Total employment domestic concept,Germany,2018,11229531,,
ESTAT:NAMA_10_A10_E(1.0),20/01/26 23:00:00,Annual,Thousand hours worked,Manufacturing,Total employment domestic concept,Germany,2019,11186824,,
ESTAT:NAMA_10_A10_E(1.0),20/01/26 23:00:00,Annual,Thousand hours worked,Manufacturing,Total employment domestic concept,Germany,2020,10472567,,
ESTAT:NAMA_10_A10_E(1.0),20/01/26 23:00:00,Annual,Thousand hours worked,Manufacturing,Total employment domestic concept,Germany,2021,10645407,,
ESTAT:NAMA_10_A10_E(1.0),20/01/26 23:00:00,Annual,Thousand hours worked,Manufacturing,Total employment domestic concept,Germany,2022,10561956,p,
ESTAT:NAMA_10_A10_E(1.0),20/01/26 23:00:00,Annual,Thousand hours worked,Manufacturing,Total employment domestic concept,Germany,2023,10508156,p,
ESTAT:NAMA_10_A10_E(1.0),20/01/26 23:00:00,Annual,Thousand hours worked,Manufacturing,Total employment domestic concept,Spain,2000,5154290,,
ESTAT:NAMA_10_A10_E(1.0),20/01/26 23:00:00,Annual,Thousand hours worked,Manufacturing,Total employment domestic concept,Spain,2001,5147259,,
ESTAT:NAMA_10_A10_E(1.0),20/01/26 23:00:00,Annual,Thousand hours worked,Manufacturing,Total employment domestic concept,Spain,2002,5085245,,
ESTAT:NAMA_10_A10_E(1.0),20/01/26 23:00:00,Annual,Thousand hours worked,Manufacturing,Total employment domestic concept,Spain,2003,5062951,,
ESTAT:NAMA_10_A10_E(1.0),20/01/26 23:00:00,Annual,Thousand hours worked,Manufacturing,Total employment domestic concept,Spain,2004,5013436,,
ESTAT:NAMA_10_A10_E(1.0),20/01/26 23:00:00,Annual,Thousand hours worked,Manufacturing,Total employment domestic concept,Spain,2005,4936264,,
ESTAT:NAMA_10_A10_E(1.0),20/01/26 23:00:00,Annual,Thousand hours worked,Manufacturing,Total employment domestic concept,Spain,2006,4814690,,
ESTAT:NAMA_10_A10_E(1.0),20/01/26 23:00:00,Annual,Thousand hours worked,Manufacturing,Total employment domestic concept,Spain,2007,4682289,,
ESTAT:NAMA_10_A10_E(1.0),20/01/26 23:00:00,Annual,Thousand hours worked,Manufacturing,Total employment domestic concept,Spain,2008,4641577,,
ESTAT:NAMA_10_A10_E(1.0),20/01/26 23:00:00,Annual,Thousand hours worked,Manufacturing,Total employment domestic concept,Spain,2009,4031857,,
ESTAT:NAMA_10_A10_E(1.0),20/01/26 23:00:00,Annual,Thousand hours worked,Manufacturing,Total employment domestic concept,Spain,2010,3890896,,
ESTAT:NAMA_10_A10_E(1.0),20/01/26 23:00:00,Annual,Thousand hours worked,Manufacturing,Total employment domestic concept,Spain,2011,3737561,,
ESTAT:NAMA_10_A10_E(1.0),20/01/26 23:00:00,Annual,Thousand hours worked,Manufacturing,Total employment domestic concept,Spain,2012,3429999,,
ESTAT:NAMA_10_A10_E(1.0),20/01/26 23:00:00,Annual,Thousand hours worked,Manufacturing,Total employment domestic concept,Spain,2013,3254317,,
ESTAT:NAMA_10_A10_E(1.0),20/01/26 23:00:00,Annual,Thousand hours worked,Manufacturing,Total employment domestic concept,Spain,2014,3218035,,
ESTAT:NAMA_10_A10_E(1.0),20/01/26 23:00:00,Annual,Thousand hours worked,Manufacturing,Total employment domestic concept,Spain,2015,3308834,,
ESTAT:NAMA_10_A10_E(1.0),20/01/26 23:00:00,Annual,Thousand hours worked,Manufacturing,Total employment domestic concept,Spain,2016,3363363,,
ESTAT:NAMA_10_A10_E(1.0),20/01/26 23:00:00,Annual,Thousand hours worked,Manufacturing,Total employment domestic concept,Spain,2017,3536794,,
ESTAT:NAMA_10_A10_E(1.0),20/01/26 23:00:00,Annual,Thousand hours worked,Manufacturing,Total employment domestic concept,Spain,2018,3593589,,
ESTAT:NAMA_10_A10_E(1.0),20/01/26 23:00:00,Annual,Thousand hours worked,Manufacturing,Total employment domestic concept,Spain,2019,3670035,,
ESTAT:NAMA_10_A10_E(1.0),20/01/26 23:00:00,Annual,Thousand hours worked,Manufacturing,Total employment domestic concept,Spain,2020,3346808,,
ESTAT:NAMA_10_A10_E(1.0),20/01/26 23:00:00,Annual,Thousand hours worked,Manufacturing,Total employment domestic concept,Spain,2021,3452213,,
ESTAT:NAMA_10_A10_E(1.0),20/01/26 23:00:00,Annual,Thousand hours worked,Manufacturing,Total employment domestic concept,Spain,2022,3576306,,
ESTAT:NAMA_10_A10_E(1.0),20/01/26 23:00:00,Annual,Thousand hours worked,Manufacturing,Total employment domestic concept,Spain,2023,3646205,p,
ESTAT:NAMA_10_A10_E(1.0),20/01/26 23:00:00,Annual,Thousand hours worked,Manufacturing,Total employment domestic concept,Netherlands,2000,1400806,,
ESTAT:NAMA_10_A10_E(1.0),20/01/26 23:00:00,Annual,Thousand hours worked,Manufacturing,Total employment domestic concept,Netherlands,2001,1395278,,
ESTAT:NAMA_10_A10_E(1.0),20/01/26 23:00:00,Annual,Thousand hours worked,Manufacturing,Total employment domestic concept,Netherlands,2002,1350359,,
ESTAT:NAMA_10_A10_E(1.0),20/01/26 23:00:00,Annual,Thousand hours worked,Manufacturing,Total employment domestic concept,Netherlands,2003,1300219,,
ESTAT:NAMA_10_A10_E(1.0),20/01/26 23:00:00,Annual,Thousand hours worked,Manufacturing,Total employment domestic concept,Netherlands,2004,1262355,,
ESTAT:NAMA_10_A10_E(1.0),20/01/26 23:00:00,Annual,Thousand hours worked,Manufacturing,Total employment domestic concept,Netherlands,2005,1228567,,
ESTAT:NAMA_10_A10_E(1.0),20/01/26 23:00:00,Annual,Thousand hours worked,Manufacturing,Total employment domestic concept,Netherlands,2006,1213923,,
ESTAT:NAMA_10_A10_E(1.0),20/01/26 23:00:00,Annual,Thousand hours worked,Manufacturing,Total employment domestic concept,Netherlands,2007,1212334,,
ESTAT:NAMA_10_A10_E(1.0),20/01/26 23:00:00,Annual,Thousand hours worked,Manufacturing,Total employment domestic concept,Netherlands,2008,1211890,,
ESTAT:NAMA_10_A10_E(1.0),20/01/26 23:00:00,Annual,Thousand hours worked,Manufacturing,Total employment domestic concept,Netherlands,2009,1145363,,
ESTAT:NAMA_10_A10_E(1.0),20/01/26 23:00:00,Annual,Thousand hours worked,Manufacturing,Total employment domestic concept,Netherlands,2010,1128479,,
ESTAT:NAMA_10_A10_E(1.0),20/01/26 23:00:00,Annual,Thousand hours worked,Manufacturing,Total employment domestic concept,Netherlands,2011,1126018,,
ESTAT:NAMA_10_A10_E(1.0),20/01/26 23:00:00,Annual,Thousand hours worked,Manufacturing,Total employment domestic concept,Netherlands,2012,1110472,,
ESTAT:NAMA_10_A10_E(1.0),20/01/26 23:00:00,Annual,Thousand hours worked,Manufacturing,Total employment domestic concept,Netherlands,2013,1107569,,
ESTAT:NAMA_10_A10_E(1.0),20/01/26 23:00:00,Annual,Thousand hours worked,Manufacturing,Total employment domestic concept,Netherlands,2014,1105263,,
ESTAT:NAMA_10_A10_E(1.0),20/01/26 23:00:00,Annual,Thousand hours worked,Manufacturing,Total employment domestic concept,Netherlands,2015,1106433,,
ESTAT:NAMA_10_A10_E(1.0),20/01/26 23:00:00,Annual,Thousand hours worked,Manufacturing,Total employment domestic concept,Netherlands,2016,1127376,,
ESTAT:NAMA_10_A10_E(1.0),20/01/26 23:00:00,Annual,Thousand hours worked,Manufacturing,Total employment domestic concept,Netherlands,2017,1139986,,
ESTAT:NAMA_10_A10_E(1.0),20/01/26 23:00:00,Annual,Thousand hours worked,Manufacturing,Total employment domestic concept,Netherlands,2018,1165029,,
ESTAT:NAMA_10_A10_E(1.0),20/01/26 23:00:00,Annual,Thousand hours worked,Manufacturing,Total employment domestic concept,Netherlands,2019,1200922,,
ESTAT:NAMA_10_A10_E(1.0),20/01/26 23:00:00,Annual,Thousand hours worked,Manufacturing,Total employment domestic concept,Netherlands,2020,1155617,,
ESTAT:NAMA_10_A10_E(1.0),20/01/26 23:00:00,Annual,Thousand hours worked,Manufacturing,Total employment domestic concept,Netherlands,2021,1198699,,
ESTAT:NAMA_10_A10_E(1.0),20/01/26 23:00:00,Annual,Thousand hours worked,Manufacturing,Total employment domestic concept,Netherlands,2022,1218380,,
ESTAT:NAMA_10_A10_E(1.0),20/01/26 23:00:00,Annual,Thousand hours worked,Manufacturing,Total employment domestic concept,Netherlands,2023,1239274,p,
ESTAT:NAMA_10_A10_E(1.0),20/01/26 23:00:00,Annual,Thousand hours worked,Manufacturing,Total employment domestic concept,Portugal,2000,1923993,,
ESTAT:NAMA_10_A10_E(1.0),20/01/26 23:00:00,Annual,Thousand hours worked,Manufacturing,Total employment domestic concept,Portugal,2001,1907477,,
ESTAT:NAMA_10_A10_E(1.0),20/01/26 23:00:00,Annual,Thousand hours worked,Manufacturing,Total employment domestic concept,Portugal,2002,1844723,,
ESTAT:NAMA_10_A10_E(1.0),20/01/26 23:00:00,Annual,Thousand hours worked,Manufacturing,Total employment domestic concept,Portugal,2003,1769112,,
ESTAT:NAMA_10_A10_E(1.0),20/01/26 23:00:00,Annual,Thousand hours worked,Manufacturing,Total employment domestic concept,Portugal,2004,1698686,,
ESTAT:NAMA_10_A10_E(1.0),20/01/26 23:00:00,Annual,Thousand hours worked,Manufacturing,Total employment domestic concept,Portugal,2005,1628235,,
ESTAT:NAMA_10_A10_E(1.0),20/01/26 23:00:00,Annual,Thousand hours worked,Manufacturing,Total employment domestic concept,Portugal,2006,1599997,,
ESTAT:NAMA_10_A10_E(1.0),20/01/26 23:00:00,Annual,Thousand hours worked,Manufacturing,Total employment domestic concept,Portugal,2007,1568133,,
ESTAT:NAMA_10_A10_E(1.0),20/01/26 23:00:00,Annual,Thousand hours worked,Manufacturing,Total employment domestic concept,Portugal,2008,1512880,,
ESTAT:NAMA_10_A10_E(1.0),20/01/26 23:00:00,Annual,Thousand hours worked,Manufacturing,Total employment domestic concept,Portugal,2009,1385177,,
ESTAT:NAMA_10_A10_E(1.0),20/01/26 23:00:00,Annual,Thousand hours worked,Manufacturing,Total employment domestic concept,Portugal,2010,1350687,,
ESTAT:NAMA_10_A10_E(1.0),20/01/26 23:00:00,Annual,Thousand hours worked,Manufacturing,Total employment domestic concept,Portugal,2011,1320568,,
ESTAT:NAMA_10_A10_E(1.0),20/01/26 23:00:00,Annual,Thousand hours worked,Manufacturing,Total employment domestic concept,Portugal,2012,1268568,,
ESTAT:NAMA_10_A10_E(1.0),20/01/26 23:00:00,Annual,Thousand hours worked,Manufacturing,Total employment domestic concept,Portugal,2013,1251221,,
ESTAT:NAMA_10_A10_E(1.0),20/01/26 23:00:00,Annual,Thousand hours worked,Manufacturing,Total employment domestic concept,Portugal,2014,1275683,,
ESTAT:NAMA_10_A10_E(1.0),20/01/26 23:00:00,Annual,Thousand hours worked,Manufacturing,Total employment domestic concept,Portugal,2015,1309951,,
ESTAT:NAMA_10_A10_E(1.0),20/01/26 23:00:00,Annual,Thousand hours worked,Manufacturing,Total employment domestic concept,Portugal,2016,1322964,,
ESTAT:NAMA_10_A10_E(1.0),20/01/26 23:00:00,Annual,Thousand hours worked,Manufacturing,Total employment domestic concept,Portugal,2017,1357921,,
ESTAT:NAMA_10_A10_E(1.0),20/01/26 23:00:00,Annual,Thousand hours worked,Manufacturing,Total employment domestic concept,Portugal,2018,1402234,,
ESTAT:NAMA_10_A10_E(1.0),20/01/26 23:00:00,Annual,Thousand hours worked,Manufacturing,Total employment domestic concept,Portugal,2019,1391009,,
ESTAT:NAMA_10_A10_E(1.0),20/01/26 23:00:00,Annual,Thousand hours worked,Manufacturing,Total employment domestic concept,Portugal,2020,1289702,,
ESTAT:NAMA_10_A10_E(1.0),20/01/26 23:00:00,Annual,Thousand hours worked,Manufacturing,Total employment domestic concept,Portugal,2021,1313672,,
ESTAT:NAMA_10_A10_E(1.0),20/01/26 23:00:00,Annual,Thousand hours worked,Manufacturing,Total employment domestic concept,Portugal,2022,1352452,,
ESTAT:NAMA_10_A10_E(1.0),20/01/26 23:00:00,Annual,Thousand hours worked,Manufacturing,Total employment domestic concept,Portugal,2023,1380674,,
ESTAT:NAMA_10_A10_E(1.0),20/01/26 23:00:00,Annual,Thousand hours worked,Construction,Total employment domestic concept,Austria,2000,472239,,
ESTAT:NAMA_10_A10_E(1.0),20/01/26 23:00:00,Annual,Thousand hours worked,Construction,Total employment domestic concept,Austria,2001,451905,,
ESTAT:NAMA_10_A10_E(1.0),20/01/26 23:00:00,Annual,Thousand hours worked,Construction,Total employment domestic concept,Austria,2002,437213,,
ESTAT:NAMA_10_A10_E(1.0),20/01/26 23:00:00,Annual,Thousand hours worked,Construction,Total employment domestic concept,Austria,2003,450864,,
ESTAT:NAMA_10_A10_E(1.0),20/01/26 23:00:00,Annual,Thousand hours worked,Construction,Total employment domestic concept,Austria,2004,453991,,
ESTAT:NAMA_10_A10_E(1.0),20/01/26 23:00:00,Annual,Thousand hours worked,Construction,Total employment domestic concept,Austria,2005,449418,,
ESTAT:NAMA_10_A10_E(1.0),20/01/26 23:00:00,Annual,Thousand hours worked,Construction,Total employment domestic concept,Austria,2006,455225,,
ESTAT:NAMA_10_A10_E(1.0),20/01/26 23:00:00,Annual,Thousand hours worked,Construction,Total employment domestic concept,Austria,2007,468053,,
ESTAT:NAMA_10_A10_E(1.0),20/01/26 23:00:00,Annual,Thousand hours worked,Construction,Total employment domestic concept,Austria,2008,488992,,
ESTAT:NAMA_10_A10_E(1.0),20/01/26 23:00:00,Annual,Thousand hours worked,Construction,Total employment domestic concept,Austria,2009,473650,,
ESTAT:NAMA_10_A10_E(1.0),20/01/26 23:00:00,Annual,Thousand hours worked,Construction,Total employment domestic concept,Austria,2010,476928,,
ESTAT:NAMA_10_A10_E(1.0),20/01/26 23:00:00,Annual,Thousand hours worked,Construction,Total employment domestic concept,Austria,2011,482173,,
ESTAT:NAMA_10_A10_E(1.0),20/01/26 23:00:00,Annual,Thousand hours worked,Construction,Total employment domestic concept,Austria,2012,485366,,
ESTAT:NAMA_10_A10_E(1.0),20/01/26 23:00:00,Annual,Thousand hours worked,Construction,Total employment domestic concept,Austria,2013,476232,,
ESTAT:NAMA_10_A10_E(1.0),20/01/26 23:00:00,Annual,Thousand hours worked,Construction,Total employment domestic concept,Austria,2014,474485,,
ESTAT:NAMA_10_A10_E(1.0),20/01/26 23:00:00,Annual,Thousand hours worked,Construction,Total employment domestic concept,Austria,2015,472244,,
ESTAT:NAMA_10_A10_E(1.0),20/01/26 23:00:00,Annual,Thousand hours worked,Construction,Total employment domestic concept,Austria,2016,474990,,
ESTAT:NAMA_10_A10_E(1.0),20/01/26 23:00:00,Annual,Thousand hours worked,Construction,Total employment domestic concept,Austria,2017,485052,,
ESTAT:NAMA_10_A10_E(1.0),20/01/26 23:00:00,Annual,Thousand hours worked,Construction,Total employment domestic concept,Austria,2018,494867,,
ESTAT:NAMA_10_A10_E(1.0),20/01/26 23:00:00,Annual,Thousand hours worked,Construction,Total employment domestic concept,Austria,2019,514344,,
ESTAT:NAMA_10_A10_E(1.0),20/01/26 23:00:00,Annual,Thousand hours worked,Construction,Total employment domestic concept,Austria,2020,496448,,
ESTAT:NAMA_10_A10_E(1.0),20/01/26 23:00:00,Annual,Thousand hours worked,Construction,Total employment domestic concept,Austria,2021,538565,,
ESTAT:NAMA_10_A10_E(1.0),20/01/26 23:00:00,Annual,Thousand hours worked,Construction,Total employment domestic concept,Austria,2022,540757,,
ESTAT:NAMA_10_A10_E(1.0),20/01/26 23:00:00,Annual,Thousand hours worked,Construction,Total employment domestic concept,Austria,2023,531566,,
ESTAT:NAMA_10_A10_E(1.0),20/01/26 23:00:00,Annual,Thousand hours worked,Construction,Total employment domestic concept,Germany,2000,4725502,,
ESTAT:NAMA_10_A10_E(1.0),20/01/26 23:00:00,Annual,Thousand hours worked,Construction,Total employment domestic concept,Germany,2001,4383553,,
ESTAT:NAMA_10_A10_E(1.0),20/01/26 23:00:00,Annual,Thousand hours worked,Construction,Total employment domestic concept,Germany,2002,4139952,,
ESTAT:NAMA_10_A10_E(1.0),20/01/26 23:00:00,Annual,Thousand hours worked,Construction,Total employment domestic concept,Germany,2003,3940539,,
ESTAT:NAMA_10_A10_E(1.0),20/01/26 23:00:00,Annual,Thousand hours worked,Construction,Total employment domestic concept,Germany,2004,3839881,,
ESTAT:NAMA_10_A10_E(1.0),20/01/26 23:00:00,Annual,Thousand hours worked,Construction,Total employment domestic concept,Germany,2005,3690224,,
ESTAT:NAMA_10_A10_E(1.0),20/01/26 23:00:00,Annual,Thousand hours worked,Construction,Total employment domestic concept,Germany,2006,3773557,,
ESTAT:NAMA_10_A10_E(1.0),20/01/26 23:00:00,Annual,Thousand hours worked,Construction,Total employment domestic concept,Germany,2007,3862010,,
ESTAT:NAMA_10_A10_E(1.0),20/01/26 23:00:00,Annual,Thousand hours worked,Construction,Total employment domestic concept,Germany,2008,3864958,,
ESTAT:NAMA_10_A10_E(1.0),20/01/26 23:00:00,Annual,Thousand hours worked,Construction,Total employment domestic concept,Germany,2009,3830172,,
ESTAT:NAMA_10_A10_E(1.0),20/01/26 23:00:00,Annual,Thousand hours worked,Construction,Total employment domestic concept,Germany,2010,3887088,,
ESTAT:NAMA_10_A10_E(1.0),20/01/26 23:00:00,Annual,Thousand hours worked,Construction,Total employment domestic concept,Germany,2011,3948111,,
ESTAT:NAMA_10_A10_E(1.0),20/01/26 23:00:00,Annual,Thousand hours worked,Construction,Total employment domestic concept,Germany,2012,3920598,,
ESTAT:NAMA_10_A10_E(1.0),20/01/26 23:00:00,Annual,Thousand hours worked,Construction,Total employment domestic concept,Germany,2013,3896309,,
ESTAT:NAMA_10_A10_E(1.0),20/01/26 23:00:00,Annual,Thousand hours worked,Construction,Total employment domestic concept,Germany,2014,3938698,,
ESTAT:NAMA_10_A10_E(1.0),20/01/26 23:00:00,Annual,Thousand hours worked,Construction,Total employment domestic concept,Germany,2015,3935060,,
ESTAT:NAMA_10_A10_E(1.0),20/01/26 23:00:00,Annual,Thousand hours worked,Construction,Total employment domestic concept,Germany,2016,3949015,,
ESTAT:NAMA_10_A10_E(1.0),20/01/26 23:00:00,Annual,Thousand hours worked,Construction,Total employment domestic concept,Germany,2017,3965160,,
ESTAT:NAMA_10_A10_E(1.0),20/01/26 23:00:00,Annual,Thousand hours worked,Construction,Total employment domestic concept,Germany,2018,4012287,,
ESTAT:NAMA_10_A10_E(1.0),20/01/26 23:00:00,Annual,Thousand hours worked,Construction,Total employment domestic concept,Germany,2019,4038185,,
ESTAT:NAMA_10_A10_E(1.0),20/01/26 23:00:00,Annual,Thousand hours worked,Construction,Total employment domestic concept,Germany,2020,3979019,,
ESTAT:NAMA_10_A10_E(1.0),20/01/26 23:00:00,Annual,Thousand hours worked,Construction,Total employment domestic concept,Germany,2021,4082325,,
ESTAT:NAMA_10_A10_E(1.0),20/01/26 23:00:00,Annual,Thousand hours worked,Construction,Total employment domestic concept,Germany,2022,4083651,p,
ESTAT:NAMA_10_A10_E(1.0),20/01/26 23:00:00,Annual,Thousand hours worked,Construction,Total employment domestic concept,Germany,2023,4053085,p,
ESTAT:NAMA_10_A10_E(1.0),20/01/26 23:00:00,Annual,Thousand hours worked,Construction,Total employment domestic concept,Spain,2000,3508493,,
ESTAT:NAMA_10_A10_E(1.0),20/01/26 23:00:00,Annual,Thousand hours worked,Construction,Total employment domestic concept,Spain,2001,3830793,,
ESTAT:NAMA_10_A10_E(1.0),20/01/26 23:00:00,Annual,Thousand hours worked,Construction,Total employment domestic concept,Spain,2002,4040120,,
ESTAT:NAMA_10_A10_E(1.0),20/01/26 23:00:00,Annual,Thousand hours worked,Construction,Total employment domestic concept,Spain,2003,4227179,,
ESTAT:NAMA_10_A10_E(1.0),20/01/26 23:00:00,Annual,Thousand hours worked,Construction,Total employment domestic concept,Spain,2004,4408815,,
ESTAT:NAMA_10_A10_E(1.0),20/01/26 23:00:00,Annual,Thousand hours worked,Construction,Total employment domestic concept,Spain,2005,4730203,,
ESTAT:NAMA_10_A10_E(1.0),20/01/26 23:00:00,Annual,Thousand hours worked,Construction,Total employment domestic concept,Spain,2006,5012847,,
ESTAT:NAMA_10_A10_E(1.0),20/01/26 23:00:00,Annual,Thousand hours worked,Construction,Total employment domestic concept,Spain,2007,5261408,,
ESTAT:NAMA_10_A10_E(1.0),20/01/26 23:00:00,Annual,Thousand hours worked,Construction,Total employment domestic concept,Spain,2008,4675600,,
ESTAT:NAMA_10_A10_E(1.0),20/01/26 23:00:00,Annual,Thousand hours worked,Construction,Total employment domestic concept,Spain,2009,3671015,,
ESTAT:NAMA_10_A10_E(1.0),20/01/26 23:00:00,Annual,Thousand hours worked,Construction,Total employment domestic concept,Spain,2010,3180016,,
ESTAT:NAMA_10_A10_E(1.0),20/01/26 23:00:00,Annual,Thousand hours worked,Construction,Total employment domestic concept,Spain,2011,2718258,,
ESTAT:NAMA_10_A10_E(1.0),20/01/26 23:00:00,Annual,Thousand hours worked,Construction,Total employment domestic concept,Spain,2012,2210674,,
ESTAT:NAMA_10_A10_E(1.0),20/01/26 23:00:00,Annual,Thousand hours worked,Construction,Total employment domestic concept,Spain,2013,1946664,,
ESTAT:NAMA_10_A10_E(1.0),20/01/26 23:00:00,Annual,Thousand hours worked,Construction,Total employment domestic concept,Spain,2014,1922467,,
ESTAT:NAMA_10_A10_E(1.0),20/01/26 23:00:00,Annual,Thousand hours worked,Construction,Total employment domestic concept,Spain,2015,2085974,,
ESTAT:NAMA_10_A10_E(1.0),20/01/26 23:00:00,Annual,Thousand hours worked,Construction,Total employment domestic concept,Spain,2016,2148823,,
ESTAT:NAMA_10_A10_E(1.0),20/01/26 23:00:00,Annual,Thousand hours worked,Construction,Total employment domestic concept,Spain,2017,2227616,,
ESTAT:NAMA_10_A10_E(1.0),20/01/26 23:00:00,Annual,Thousand hours worked,Construction,Total employment domestic concept,Spain,2018,2388804,,
ESTAT:NAMA_10_A10_E(1.0),20/01/26 23:00:00,Annual,Thousand hours worked,Construction,Total employment domestic concept,Spain,2019,2590657,,
ESTAT:NAMA_10_A10_E(1.0),20/01/26 23:00:00,Annual,Thousand hours worked,Construction,Total employment domestic concept,Spain,2020,2258195,,
ESTAT:NAMA_10_A10_E(1.0),20/01/26 23:00:00,Annual,Thousand hours worked,Construction,Total employment domestic concept,Spain,2021,2422768,,
ESTAT:NAMA_10_A10_E(1.0),20/01/26 23:00:00,Annual,Thousand hours worked,Construction,Total employment domestic concept,Spain,2022,2550779,,
ESTAT:NAMA_10_A10_E(1.0),20/01/26 23:00:00,Annual,Thousand hours worked,Construction,Total employment domestic concept,Spain,2023,2635754,p,
ESTAT:NAMA_10_A10_E(1.0),20/01/26 23:00:00,Annual,Thousand hours worked,Construction,Total employment domestic concept,Netherlands,2000,993849,,
ESTAT:NAMA_10_A10_E(1.0),20/01/26 23:00:00,Annual,Thousand hours worked,Construction,Total employment domestic concept,Netherlands,2001,1008713,,
ESTAT:NAMA_10_A10_E(1.0),20/01/26 23:00:00,Annual,Thousand hours worked,Construction,Total employment domestic concept,Netherlands,2002,990371,,
ESTAT:NAMA_10_A10_E(1.0),20/01/26 23:00:00,Annual,Thousand hours worked,Construction,Total employment domestic concept,Netherlands,2003,945889,,
ESTAT:NAMA_10_A10_E(1.0),20/01/26 23:00:00,Annual,Thousand hours worked,Construction,Total employment domestic concept,Netherlands,2004,934752,,
ESTAT:NAMA_10_A10_E(1.0),20/01/26 23:00:00,Annual,Thousand hours worked,Construction,Total employment domestic concept,Netherlands,2005,930339,,
ESTAT:NAMA_10_A10_E(1.0),20/01/26 23:00:00,Annual,Thousand hours worked,Construction,Total employment domestic concept,Netherlands,2006,932143,,
ESTAT:NAMA_10_A10_E(1.0),20/01/26 23:00:00,Annual,Thousand hours worked,Construction,Total employment domestic concept,Netherlands,2007,971724,,
ESTAT:NAMA_10_A10_E(1.0),20/01/26 23:00:00,Annual,Thousand hours worked,Construction,Total employment domestic concept,Netherlands,2008,983184,,
ESTAT:NAMA_10_A10_E(1.0),20/01/26 23:00:00,Annual,Thousand hours worked,Construction,Total employment domestic concept,Netherlands,2009,970945,,
ESTAT:NAMA_10_A10_E(1.0),20/01/26 23:00:00,Annual,Thousand hours worked,Construction,Total employment domestic concept,Netherlands,2010,917533,,
ESTAT:NAMA_10_A10_E(1.0),20/01/26 23:00:00,Annual,Thousand hours worked,Construction,Total employment domestic concept,Netherlands,2011,926306,,
ESTAT:NAMA_10_A10_E(1.0),20/01/26 23:00:00,Annual,Thousand hours worked,Construction,Total employment domestic concept,Netherlands,2012,891946,,
ESTAT:NAMA_10_A10_E(1.0),20/01/26 23:00:00,Annual,Thousand hours worked,Construction,Total employment domestic concept,Netherlands,2013,846308,,
ESTAT:NAMA_10_A10_E(1.0),20/01/26 23:00:00,Annual,Thousand hours worked,Construction,Total employment domestic concept,Netherlands,2014,838497,,
ESTAT:NAMA_10_A10_E(1.0),20/01/26 23:00:00,Annual,Thousand hours worked,Construction,Total employment domestic concept,Netherlands,2015,836031,,
ESTAT:NAMA_10_A10_E(1.0),20/01/26 23:00:00,Annual,Thousand hours worked,Construction,Total employment domestic concept,Netherlands,2016,852021,,
ESTAT:NAMA_10_A10_E(1.0),20/01/26 23:00:00,Annual,Thousand hours worked,Construction,Total employment domestic concept,Netherlands,2017,878091,,
ESTAT:NAMA_10_A10_E(1.0),20/01/26 23:00:00,Annual,Thousand hours worked,Construction,Total employment domestic concept,Netherlands,2018,922189,,
ESTAT:NAMA_10_A10_E(1.0),20/01/26 23:00:00,Annual,Thousand hours worked,Construction,Total employment domestic concept,Netherlands,2019,965377,,
ESTAT:NAMA_10_A10_E(1.0),20/01/26 23:00:00,Annual,Thousand hours worked,Construction,Total employment domestic concept,Netherlands,2020,946532,,
ESTAT:NAMA_10_A10_E(1.0),20/01/26 23:00:00,Annual,Thousand hours worked,Construction,Total employment domestic concept,Netherlands,2021,1013891,,
ESTAT:NAMA_10_A10_E(1.0),20/01/26 23:00:00,Annual,Thousand hours worked,Construction,Total employment domestic concept,Netherlands,2022,1078174,,
ESTAT:NAMA_10_A10_E(1.0),20/01/26 23:00:00,Annual,Thousand hours worked,Construction,Total employment domestic concept,Netherlands,2023,1104161,p,
ESTAT:NAMA_10_A10_E(1.0),20/01/26 23:00:00,Annual,Thousand hours worked,Construction,Total employment domestic concept,Portugal,2000,1204264,,
ESTAT:NAMA_10_A10_E(1.0),20/01/26 23:00:00,Annual,Thousand hours worked,Construction,Total employment domestic concept,Portugal,2001,1170117,,
ESTAT:NAMA_10_A10_E(1.0),20/01/26 23:00:00,Annual,Thousand hours worked,Construction,Total employment domestic concept,Portugal,2002,1195306,,
ESTAT:NAMA_10_A10_E(1.0),20/01/26 23:00:00,Annual,Thousand hours worked,Construction,Total employment domestic concept,Portugal,2003,1113732,,
ESTAT:NAMA_10_A10_E(1.0),20/01/26 23:00:00,Annual,Thousand hours worked,Construction,Total employment domestic concept,Portugal,2004,1076502,,
ESTAT:NAMA_10_A10_E(1.0),20/01/26 23:00:00,Annual,Thousand hours worked,Construction,Total employment domestic concept,Portugal,2005,1047351,,
ESTAT:NAMA_10_A10_E(1.0),20/01/26 23:00:00,Annual,Thousand hours worked,Construction,Total employment domestic concept,Portugal,2006,1012723,,
ESTAT:NAMA_10_A10_E(1.0),20/01/26 23:00:00,Annual,Thousand hours worked,Construction,Total employment domestic concept,Portugal,2007,1024365,,
ESTAT:NAMA_10_A10_E(1.0),20/01/26 23:00:00,Annual,Thousand hours worked,Construction,Total employment domestic concept,Portugal,2008,983291,,
ESTAT:NAMA_10_A10_E(1.0),20/01/26 23:00:00,Annual,Thousand hours worked,Construction,Total employment domestic concept,Portugal,2009,893313,,
ESTAT:NAMA_10_A10_E(1.0),20/01/26 23:00:00,Annual,Thousand hours worked,Construction,Total employment domestic concept,Portugal,2010,859418,,
ESTAT:NAMA_10_A10_E(1.0),20/01/26 23:00:00,Annual,Thousand hours worked,Construction,Total employment domestic concept,Portugal,2011,776490,,
ESTAT:NAMA_10_A10_E(1.0),20/01/26 23:00:00,Annual,Thousand hours worked,Construction,Total employment domestic concept,Portugal,2012,615085,,
ESTAT:NAMA_10_A10_E(1.0),20/01/26 23:00:00,Annual,Thousand hours worked,Construction,Total employment domestic concept,Portugal,2013,557596,,
ESTAT:NAMA_10_A10_E(1.0),20/01/26 23:00:00,Annual,Thousand hours worked,Construction,Total employment domestic concept,Portugal,2014,531514,,
ESTAT:NAMA_10_A10_E(1.0),20/01/26 23:00:00,Annual,Thousand hours worked,Construction,Total employment domestic concept,Portugal,2015,538664,,
ESTAT:NAMA_10_A10_E(1.0),20/01/26 23:00:00,Annual,Thousand hours worked,Construction,Total employment domestic concept,Portugal,2016,551876,,
ESTAT:NAMA_10_A10_E(1.0),20/01/26 23:00:00,Annual,Thousand hours worked,Construction,Total employment domestic concept,Portugal,2017,572807,,
ESTAT:NAMA_10_A10_E(1.0),20/01/26 23:00:00,Annual,Thousand hours worked,Construction,Total employment domestic concept,Portugal,2018,603785,,
ESTAT:NAMA_10_A10_E(1.0),20/01/26 23:00:00,Annual,Thousand hours worked,Construction,Total employment domestic concept,Portugal,2019,638270,,
ESTAT:NAMA_10_A10_E(1.0),20/01/26 23:00:00,Annual,Thousand hours worked,Construction,Total employment domestic concept,Portugal,2020,635108,,
ESTAT:NAMA_10_A10_E(1.0),20/01/26 23:00:00,Annual,Thousand hours worked,Construction,Total employment domestic concept,Portugal,2021,678228,,
ESTAT:NAMA_10_A10_E(1.0),20/01/26 23:00:00,Annual,Thousand hours worked,Construction,Total employment domestic concept,Portugal,2022,719951,,
ESTAT:NAMA_10_A10_E(1.0),20/01/26 23:00:00,Annual,Thousand hours worked,Construction,Total employment domestic concept,Portugal,2023,769791,,
ESTAT:NAMA_10_A10_E(1.0),20/01/26 23:00:00,Annual,Thousand hours worked,Information and communication,Total employment domestic concept,Austria,2000,171239,,
ESTAT:NAMA_10_A10_E(1.0),20/01/26 23:00:00,Annual,Thousand hours worked,Information and communication,Total employment domestic concept,Austria,2001,181243,,
ESTAT:NAMA_10_A10_E(1.0),20/01/26 23:00:00,Annual,Thousand hours worked,Information and communication,Total employment domestic concept,Austria,2002,189085,,
ESTAT:NAMA_10_A10_E(1.0),20/01/26 23:00:00,Annual,Thousand hours worked,Information and communication,Total employment domestic concept,Austria,2003,184965,,
ESTAT:NAMA_10_A10_E(1.0),20/01/26 23:00:00,Annual,Thousand hours worked,Information and communication,Total employment domestic concept,Austria,2004,182435,,
ESTAT:NAMA_10_A10_E(1.0),20/01/26 23:00:00,Annual,Thousand hours worked,Information and communication,Total employment domestic concept,Austria,2005,178260,,
ESTAT:NAMA_10_A10_E(1.0),20/01/26 23:00:00,Annual,Thousand hours worked,Information and communication,Total employment domestic concept,Austria,2006,183972,,
ESTAT:NAMA_10_A10_E(1.0),20/01/26 23:00:00,Annual,Thousand hours worked,Information and communication,Total employment domestic concept,Austria,2007,170252,,
ESTAT:NAMA_10_A10_E(1.0),20/01/26 23:00:00,Annual,Thousand hours worked,Information and communication,Total employment domestic concept,Austria,2008,174959,,
ESTAT:NAMA_10_A10_E(1.0),20/01/26 23:00:00,Annual,Thousand hours worked,Information and communication,Total employment domestic concept,Austria,2009,171993,,
ESTAT:NAMA_10_A10_E(1.0),20/01/26 23:00:00,Annual,Thousand hours worked,Information and communication,Total employment domestic concept,Austria,2010,175622,,
ESTAT:NAMA_10_A10_E(1.0),20/01/26 23:00:00,Annual,Thousand hours worked,Information and communication,Total employment domestic concept,Austria,2011,186382,,
ESTAT:NAMA_10_A10_E(1.0),20/01/26 23:00:00,Annual,Thousand hours worked,Information and communication,Total employment domestic concept,Austria,2012,184562,,
ESTAT:NAMA_10_A10_E(1.0),20/01/26 23:00:00,Annual,Thousand hours worked,Information and communication,Total employment domestic concept,Austria,2013,189975,,
ESTAT:NAMA_10_A10_E(1.0),20/01/26 23:00:00,Annual,Thousand hours worked,Information and communication,Total employment domestic concept,Austria,2014,203407,,
ESTAT:NAMA_10_A10_E(1.0),20/01/26 23:00:00,Annual,Thousand hours worked,Information and communication,Total employment domestic concept,Austria,2015,200827,,
ESTAT:NAMA_10_A10_E(1.0),20/01/26 23:00:00,Annual,Thousand hours worked,Information and communication,Total employment domestic concept,Austria,2016,205130,,
ESTAT:NAMA_10_A10_E(1.0),20/01/26 23:00:00,Annual,Thousand hours worked,Information and communication,Total employment domestic concept,Austria,2017,211284,,
ESTAT:NAMA_10_A10_E(1.0),20/01/26 23:00:00,Annual,Thousand hours worked,Information and communication,Total employment domestic concept,Austria,2018,220822,,
ESTAT:NAMA_10_A10_E(1.0),20/01/26 23:00:00,Annual,Thousand hours worked,Information and communication,Total employment domestic concept,Austria,2019,233308,,
ESTAT:NAMA_10_A10_E(1.0),20/01/26 23:00:00,Annual,Thousand hours worked,Information and communication,Total employment domestic concept,Austria,2020,215077,,
ESTAT:NAMA_10_A10_E(1.0),20/01/26 23:00:00,Annual,Thousand hours worked,Information and communication,Total employment domestic concept,Austria,2021,234599,,
ESTAT:NAMA_10_A10_E(1.0),20/01/26 23:00:00,Annual,Thousand hours worked,Information and communication,Total employment domestic concept,Austria,2022,238612,,
ESTAT:NAMA_10_A10_E(1.0),20/01/26 23:00:00,Annual,Thousand hours worked,Information and communication,Total employment domestic concept,Austria,2023,250973,,
ESTAT:NAMA_10_A10_E(1.0),20/01/26 23:00:00,Annual,Thousand hours worked,Information and communication,Total employment domestic concept,Germany,2000,1597592,,
ESTAT:NAMA_10_A10_E(1.0),20/01/26 23:00:00,Annual,Thousand hours worked,Information and communication,Total employment domestic concept,Germany,2001,1676648,,
ESTAT:NAMA_10_A10_E(1.0),20/01/26 23:00:00,Annual,Thousand hours worked,Information and communication,Total employment domestic concept,Germany,2002,1676586,,
ESTAT:NAMA_10_A10_E(1.0),20/01/26 23:00:00,Annual,Thousand hours worked,Information and communication,Total employment domestic concept,Germany,2003,1645326,,
ESTAT:NAMA_10_A10_E(1.0),20/01/26 23:00:00,Annual,Thousand hours worked,Information and communication,Total employment domestic concept,Germany,2004,1671884,,
ESTAT:NAMA_10_A10_E(1.0),20/01/26 23:00:00,Annual,Thousand hours worked,Information and communication,Total employment domestic concept,Germany,2005,1695503,,
ESTAT:NAMA_10_A10_E(1.0),20/01/26 23:00:00,Annual,Thousand hours worked,Information and communication,Total employment domestic concept,Germany,2006,1754462,,
ESTAT:NAMA_10_A10_E(1.0),20/01/26 23:00:00,Annual,Thousand hours worked,Information and communication,Total employment domestic concept,Germany,2007,1803246,,
ESTAT:NAMA_10_A10_E(1.0),20/01/26 23:00:00,Annual,Thousand hours worked,Information and communication,Total employment domestic concept,Germany,2008,1821041,,
ESTAT:NAMA_10_A10_E(1.0),20/01/26 23:00:00,Annual,Thousand hours worked,Information and communication,Total employment domestic concept,Germany,2009,1769341,,
ESTAT:NAMA_10_A10_E(1.0),20/01/26 23:00:00,Annual,Thousand hours worked,Information and communication,Total employment domestic concept,Germany,2010,1733142,,
ESTAT:NAMA_10_A10_E(1.0),20/01/26 23:00:00,Annual,Thousand hours worked,Information and communication,Total employment domestic concept,Germany,2011,1756738,,
ESTAT:NAMA_10_A10_E(1.0),20/01/26 23:00:00,Annual,Thousand hours worked,Information and communication,Total employment domestic concept,Germany,2012,1767406,,
ESTAT:NAMA_10_A10_E(1.0),20/01/26 23:00:00,Annual,Thousand hours worked,Information and communication,Total employment domestic concept,Germany,2013,1796111,,
ESTAT:NAMA_10_A10_E(1.0),20/01/26 23:00:00,Annual,Thousand hours worked,Information and communication,Total employment domestic concept,Germany,2014,1826297,,
ESTAT:NAMA_10_A10_E(1.0),20/01/26 23:00:00,Annual,Thousand hours worked,Information and communication,Total employment domestic concept,Germany,2015,1846077,,
ESTAT:NAMA_10_A10_E(1.0),20/01/26 23:00:00,Annual,Thousand hours worked,Information and communication,Total employment domestic concept,Germany,2016,1892418,,
ESTAT:NAMA_10_A10_E(1.0),20/01/26 23:00:00,Annual,Thousand hours worked,Information and communication,Total employment domestic concept,Germany,2017,1946584,,
ESTAT:NAMA_10_A10_E(1.0),20/01/26 23:00:00,Annual,Thousand hours worked,Information and communication,Total employment domestic concept,Germany,2018,1990080,,
ESTAT:NAMA_10_A10_E(1.0),20/01/26 23:00:00,Annual,Thousand hours worked,Information and communication,Total employment domestic concept,Germany,2019,2056912,,
ESTAT:NAMA_10_A10_E(1.0),20/01/26 23:00:00,Annual,Thousand hours worked,Information and communication,Total employment domestic concept,Germany,2020,2029977,,
ESTAT:NAMA_10_A10_E(1.0),20/01/26 23:00:00,Annual,Thousand hours worked,Information and communication,Total employment domestic concept,Germany,2021,2138895,,
ESTAT:NAMA_10_A10_E(1.0),20/01/26 23:00:00,Annual,Thousand hours worked,Information and communication,Total employment domestic concept,Germany,2022,2240287,p,
ESTAT:NAMA_10_A10_E(1.0),20/01/26 23:00:00,Annual,Thousand hours worked,Information and communication,Total employment domestic concept,Germany,2023,2296081,p,
ESTAT:NAMA_10_A10_E(1.0),20/01/26 23:00:00,Annual,Thousand hours worked,Information and communication,Total employment domestic concept,Spain,2000,626179,,
ESTAT:NAMA_10_A10_E(1.0),20/01/26 23:00:00,Annual,Thousand hours worked,Information and communication,Total employment domestic concept,Spain,2001,649844,,
ESTAT:NAMA_10_A10_E(1.0),20/01/26 23:00:00,Annual,Thousand hours worked,Information and communication,Total employment domestic concept,Spain,2002,674477,,
ESTAT:NAMA_10_A10_E(1.0),20/01/26 23:00:00,Annual,Thousand hours worked,Information and communication,Total employment domestic concept,Spain,2003,673557,,
ESTAT:NAMA_10_A10_E(1.0),20/01/26 23:00:00,Annual,Thousand hours worked,Information and communication,Total employment domestic concept,Spain,2004,695012,,
ESTAT:NAMA_10_A10_E(1.0),20/01/26 23:00:00,Annual,Thousand hours worked,Information and communication,Total employment domestic concept,Spain,2005,719783,,
ESTAT:NAMA_10_A10_E(1.0),20/01/26 23:00:00,Annual,Thousand hours worked,Information and communication,Total employment domestic concept,Spain,2006,756614,,
ESTAT:NAMA_10_A10_E(1.0),20/01/26 23:00:00,Annual,Thousand hours worked,Information and communication,Total employment domestic concept,Spain,2007,746489,,
ESTAT:NAMA_10_A10_E(1.0),20/01/26 23:00:00,Annual,Thousand hours worked,Information and communication,Total employment domestic concept,Spain,2008,768359,,
ESTAT:NAMA_10_A10_E(1.0),20/01/26 23:00:00,Annual,Thousand hours worked,Information and communication,Total employment domestic concept,Spain,2009,771305,,
ESTAT:NAMA_10_A10_E(1.0),20/01/26 23:00:00,Annual,Thousand hours worked,Information and communication,Total employment domestic concept,Spain,2010,755621,,
ESTAT:NAMA_10_A10_E(1.0),20/01/26 23:00:00,Annual,Thousand hours worked,Information and communication,Total employment domestic concept,Spain,2011,777157,,
ESTAT:NAMA_10_A10_E(1.0),20/01/26 23:00:00,Annual,Thousand hours worked,Information and communication,Total employment domestic concept,Spain,2012,741284,,
ESTAT:NAMA_10_A10_E(1.0),20/01/26 23:00:00,Annual,Thousand hours worked,Information and communication,Total employment domestic concept,Spain,2013,725180,,
ESTAT:NAMA_10_A10_E(1.0),20/01/26 23:00:00,Annual,Thousand hours worked,Information and communication,Total employment domestic concept,Spain,2014,726231,,
ESTAT:NAMA_10_A10_E(1.0),20/01/26 23:00:00,Annual,Thousand hours worked,Information and communication,Total employment domestic concept,Spain,2015,771719,,
ESTAT:NAMA_10_A10_E(1.0),20/01/26 23:00:00,Annual,Thousand hours worked,Information and communication,Total employment domestic concept,Spain,2016,802290,,
ESTAT:NAMA_10_A10_E(1.0),20/01/26 23:00:00,Annual,Thousand hours worked,Information and communication,Total employment domestic concept,Spain,2017,857686,,
ESTAT:NAMA_10_A10_E(1.0),20/01/26 23:00:00,Annual,Thousand hours worked,Information and communication,Total employment domestic concept,Spain,2018,891062,,
ESTAT:NAMA_10_A10_E(1.0),20/01/26 23:00:00,Annual,Thousand hours worked,Information and communication,Total employment domestic concept,Spain,2019,911392,,
ESTAT:NAMA_10_A10_E(1.0),20/01/26 23:00:00,Annual,Thousand hours worked,Information and communication,Total employment domestic concept,Spain,2020,904662,,
ESTAT:NAMA_10_A10_E(1.0),20/01/26 23:00:00,Annual,Thousand hours worked,Information and communication,Total employment domestic concept,Spain,2021,976334,,
ESTAT:NAMA_10_A10_E(1.0),20/01/26 23:00:00,Annual,Thousand hours worked,Information and communication,Total employment domestic concept,Spain,2022,1082700,,
ESTAT:NAMA_10_A10_E(1.0),20/01/26 23:00:00,Annual,Thousand hours worked,Information and communication,Total employment domestic concept,Spain,2023,1125759,p,
ESTAT:NAMA_10_A10_E(1.0),20/01/26 23:00:00,Annual,Thousand hours worked,Information and communication,Total employment domestic concept,Netherlands,2000,436973,,
ESTAT:NAMA_10_A10_E(1.0),20/01/26 23:00:00,Annual,Thousand hours worked,Information and communication,Total employment domestic concept,Netherlands,2001,457687,,
ESTAT:NAMA_10_A10_E(1.0),20/01/26 23:00:00,Annual,Thousand hours worked,Information and communication,Total employment domestic concept,Netherlands,2002,426034,,
ESTAT:NAMA_10_A10_E(1.0),20/01/26 23:00:00,Annual,Thousand hours worked,Information and communication,Total employment domestic concept,Netherlands,2003,403756,,
ESTAT:NAMA_10_A10_E(1.0),20/01/26 23:00:00,Annual,Thousand hours worked,Information and communication,Total employment domestic concept,Netherlands,2004,403093,,
ESTAT:NAMA_10_A10_E(1.0),20/01/26 23:00:00,Annual,Thousand hours worked,Information and communication,Total employment domestic concept,Netherlands,2005,412900,,
ESTAT:NAMA_10_A10_E(1.0),20/01/26 23:00:00,Annual,Thousand hours worked,Information and communication,Total employment domestic concept,Netherlands,2006,423261,,
ESTAT:NAMA_10_A10_E(1.0),20/01/26 23:00:00,Annual,Thousand hours worked,Information and communication,Total employment domestic concept,Netherlands,2007,441293,,
ESTAT:NAMA_10_A10_E(1.0),20/01/26 23:00:00,Annual,Thousand hours worked,Information and communication,Total employment domestic concept,Netherlands,2008,459495,,
ESTAT:NAMA_10_A10_E(1.0),20/01/26 23:00:00,Annual,Thousand hours worked,Information and communication,Total employment domestic concept,Netherlands,2009,453811,,
ESTAT:NAMA_10_A10_E(1.0),20/01/26 23:00:00,Annual,Thousand hours worked,Information and communication,Total employment domestic concept,Netherlands,2010,442495,,
ESTAT:NAMA_10_A10_E(1.0),20/01/26 23:00:00,Annual,Thousand hours worked,Information and communication,Total employment domestic concept,Netherlands,2011,452577,,
ESTAT:NAMA_10_A10_E(1.0),20/01/26 23:00:00,Annual,Thousand hours worked,Information and communication,Total employment domestic concept,Netherlands,2012,456361,,
ESTAT:NAMA_10_A10_E(1.0),20/01/26 23:00:00,Annual,Thousand hours worked,Information and communication,Total employment domestic concept,Netherlands,2013,452547,,
ESTAT:NAMA_10_A10_E(1.0),20/01/26 23:00:00,Annual,Thousand hours worked,Information and communication,Total employment domestic concept,Netherlands,2014,466418,,
ESTAT:NAMA_10_A10_E(1.0),20/01/26 23:00:00,Annual,Thousand hours worked,Information and communication,Total employment domestic concept,Netherlands,2015,478960,,
ESTAT:NAMA_10_A10_E(1.0),20/01/26 23:00:00,Annual,Thousand hours worked,Information and communication,Total employment domestic concept,Netherlands,2016,494903,,
ESTAT:NAMA_10_A10_E(1.0),20/01/26 23:00:00,Annual,Thousand hours worked,Information and communication,Total employment domestic concept,Netherlands,2017,511453,,
ESTAT:NAMA_10_A10_E(1.0),20/01/26 23:00:00,Annual,Thousand hours worked,Information and communication,Total employment domestic concept,Netherlands,2018,527354,,
ESTAT:NAMA_10_A10_E(1.0),20/01/26 23:00:00,Annual,Thousand hours worked,Information and communication,Total employment domestic concept,Netherlands,2019,549012,,
ESTAT:NAMA_10_A10_E(1.0),20/01/26 23:00:00,Annual,Thousand hours worked,Information and communication,Total employment domestic concept,Netherlands,2020,558150,,
ESTAT:NAMA_10_A10_E(1.0),20/01/26 23:00:00,Annual,Thousand hours worked,Information and communication,Total employment domestic concept,Netherlands,2021,581550,,
ESTAT:NAMA_10_A10_E(1.0),20/01/26 23:00:00,Annual,Thousand hours worked,Information and communication,Total employment domestic concept,Netherlands,2022,604947,,
ESTAT:NAMA_10_A10_E(1.0),20/01/26 23:00:00,Annual,Thousand hours worked,Information and communication,Total employment domestic concept,Netherlands,2023,620673,p,
ESTAT:NAMA_10_A10_E(1.0),20/01/26 23:00:00,Annual,Thousand hours worked,Information and communication,Total employment domestic concept,Portugal,2000,114541,,
ESTAT:NAMA_10_A10_E(1.0),20/01/26 23:00:00,Annual,Thousand hours worked,Information and communication,Total employment domestic concept,Portugal,2001,109481,,
ESTAT:NAMA_10_A10_E(1.0),20/01/26 23:00:00,Annual,Thousand hours worked,Information and communication,Total employment domestic concept,Portugal,2002,114437,,
ESTAT:NAMA_10_A10_E(1.0),20/01/26 23:00:00,Annual,Thousand hours worked,Information and communication,Total employment domestic concept,Portugal,2003,113270,,
ESTAT:NAMA_10_A10_E(1.0),20/01/26 23:00:00,Annual,Thousand hours worked,Information and communication,Total employment domestic concept,Portugal,2004,115883,,
ESTAT:NAMA_10_A10_E(1.0),20/01/26 23:00:00,Annual,Thousand hours worked,Information and communication,Total employment domestic concept,Portugal,2005,119516,,
ESTAT:NAMA_10_A10_E(1.0),20/01/26 23:00:00,Annual,Thousand hours worked,Information and communication,Total employment domestic concept,Portugal,2006,124280,,
ESTAT:NAMA_10_A10_E(1.0),20/01/26 23:00:00,Annual,Thousand hours worked,Information and communication,Total employment domestic concept,Portugal,2007,130024,,
ESTAT:NAMA_10_A10_E(1.0),20/01/26 23:00:00,Annual,Thousand hours worked,Information and communication,Total employment domestic concept,Portugal,2008,137746,,
ESTAT:NAMA_10_A10_E(1.0),20/01/26 23:00:00,Annual,Thousand hours worked,Information and communication,Total employment domestic concept,Portugal,2009,142854,,
ESTAT:NAMA_10_A10_E(1.0),20/01/26 23:00:00,Annual,Thousand hours worked,Information and communication,Total employment domestic concept,Portugal,2010,145149,,
ESTAT:NAMA_10_A10_E(1.0),20/01/26 23:00:00,Annual,Thousand hours worked,Information and communication,Total employment domestic concept,Portugal,2011,146853,,
ESTAT:NAMA_10_A10_E(1.0),20/01/26 23:00:00,Annual,Thousand hours worked,Information and communication,Total employment domestic concept,Portugal,2012,146774,,
ESTAT:NAMA_10_A10_E(1.0),20/01/26 23:00:00,Annual,Thousand hours worked,Information and communication,Total employment domestic concept,Portugal,2013,150582,,
ESTAT:NAMA_10_A10_E(1.0),20/01/26 23:00:00,Annual,Thousand hours worked,Information and communication,Total employment domestic concept,Portugal,2014,154637,,
ESTAT:NAMA_10_A10_E(1.0),20/01/26 23:00:00,Annual,Thousand hours worked,Information and communication,Total employment domestic concept,Portugal,2015,165765,,
ESTAT:NAMA_10_A10_E(1.0),20/01/26 23:00:00,Annual,Thousand hours worked,Information and communication,Total employment domestic concept,Portugal,2016,172622,,
ESTAT:NAMA_10_A10_E(1.0),20/01/26 23:00:00,Annual,Thousand hours worked,Information and communication,Total employment domestic concept,Portugal,2017,185229,,
ESTAT:NAMA_10_A10_E(1.0),20/01/26 23:00:00,Annual,Thousand hours worked,Information and communication,Total employment domestic concept,Portugal,2018,202171,,
ESTAT:NAMA_10_A10_E(1.0),20/01/26 23:00:00,Annual,Thousand hours worked,Information and communication,Total employment domestic concept,Portugal,2019,216444,,
ESTAT:NAMA_10_A10_E(1.0),20/01/26 23:00:00,Annual,Thousand hours worked,Information and communication,Total employment domestic concept,Portugal,2020,227606,,
ESTAT:NAMA_10_A10_E(1.0),20/01/26 23:00:00,Annual,Thousand hours worked,Information and communication,Total employment domestic concept,Portugal,2021,252054,,
ESTAT:NAMA_10_A10_E(1.0),20/01/26 23:00:00,Annual,Thousand hours worked,Information and communication,Total employment domestic concept,Portugal,2022,285264,,
ESTAT:NAMA_10_A10_E(1.0),20/01/26 23:00:00,Annual,Thousand hours worked,Information and communication,Total employment domestic concept,Portugal,2023,318429,,
ESTAT:NAMA_10_A10_E(1.0),20/01/26 23:00:00,Annual,Thousand hours worked,Financial and insurance activities,Total employment domestic concept,Austria,2000,211383,,
ESTAT:NAMA_10_A10_E(1.0),20/01/26 23:00:00,Annual,Thousand hours worked,Financial and insurance activities,Total employment domestic concept,Austria,2001,210203,,
ESTAT:NAMA_10_A10_E(1.0),20/01/26 23:00:00,Annual,Thousand hours worked,Financial and insurance activities,Total employment domestic concept,Austria,2002,211427,,
ESTAT:NAMA_10_A10_E(1.0),20/01/26 23:00:00,Annual,Thousand hours worked,Financial and insurance activities,Total employment domestic concept,Austria,2003,211158,,
ESTAT:NAMA_10_A10_E(1.0),20/01/26 23:00:00,Annual,Thousand hours worked,Financial and insurance activities,Total employment domestic concept,Austria,2004,208789,,
ESTAT:NAMA_10_A10_E(1.0),20/01/26 23:00:00,Annual,Thousand hours worked,Financial and insurance activities,Total employment domestic concept,Austria,2005,212518,,
ESTAT:NAMA_10_A10_E(1.0),20/01/26 23:00:00,Annual,Thousand hours worked,Financial and insurance activities,Total employment domestic concept,Austria,2006,217683,,
ESTAT:NAMA_10_A10_E(1.0),20/01/26 23:00:00,Annual,Thousand hours worked,Financial and insurance activities,Total employment domestic concept,Austria,2007,218349,,
ESTAT:NAMA_10_A10_E(1.0),20/01/26 23:00:00,Annual,Thousand hours worked,Financial and insurance activities,Total employment domestic concept,Austria,2008,224978,,
ESTAT:NAMA_10_A10_E(1.0),20/01/26 23:00:00,Annual,Thousand hours worked,Financial and insurance activities,Total employment domestic concept,Austria,2009,222912,,
ESTAT:NAMA_10_A10_E(1.0),20/01/26 23:00:00,Annual,Thousand hours worked,Financial and insurance activities,Total employment domestic concept,Austria,2010,225178,,
ESTAT:NAMA_10_A10_E(1.0),20/01/26 23:00:00,Annual,Thousand hours worked,Financial and insurance activities,Total employment domestic concept,Austria,2011,226089,,
ESTAT:NAMA_10_A10_E(1.0),20/01/26 23:00:00,Annual,Thousand hours worked,Financial and insurance activities,Total employment domestic concept,Austria,2012,220847,,
ESTAT:NAMA_10_A10_E(1.0),20/01/26 23:00:00,Annual,Thousand hours worked,Financial and insurance activities,Total employment domestic concept,Austria,2013,218293,,
ESTAT:NAMA_10_A10_E(1.0),20/01/26 23:00:00,Annual,Thousand hours worked,Financial and insurance activities,Total employment domestic concept,Austria,2014,212054,,
ESTAT:NAMA_10_A10_E(1.0),20/01/26 23:00:00,Annual,Thousand hours worked,Financial and insurance activities,Total employment domestic concept,Austria,2015,206600,,
ESTAT:NAMA_10_A10_E(1.0),20/01/26 23:00:00,Annual,Thousand hours worked,Financial and insurance activities,Total employment domestic concept,Austria,2016,212080,,
ESTAT:NAMA_10_A10_E(1.0),20/01/26 23:00:00,Annual,Thousand hours worked,Financial and insurance activities,Total employment domestic concept,Austria,2017,199925,,
ESTAT:NAMA_10_A10_E(1.0),20/01/26 23:00:00,Annual,Thousand hours worked,Financial and insurance activities,Total employment domestic concept,Austria,2018,197413,,
ESTAT:NAMA_10_A10_E(1.0),20/01/26 23:00:00,Annual,Thousand hours worked,Financial and insurance activities,Total employment domestic concept,Austria,2019,203981,,
ESTAT:NAMA_10_A10_E(1.0),20/01/26 23:00:00,Annual,Thousand hours worked,Financial and insurance activities,Total employment domestic concept,Austria,2020,198249,,
ESTAT:NAMA_10_A10_E(1.0),20/01/26 23:00:00,Annual,Thousand hours worked,Financial and insurance activities,Total employment domestic concept,Austria,2021,201049,,
ESTAT:NAMA_10_A10_E(1.0),20/01/26 23:00:00,Annual,Thousand hours worked,Financial and insurance activities,Total employment domestic concept,Austria,2022,195884,,
ESTAT:NAMA_10_A10_E(1.0),20/01/26 23:00:00,Annual,Thousand hours worked,Financial and insurance activities,Total employment domestic concept,Austria,2023,194021,,
ESTAT:NAMA_10_A10_E(1.0),20/01/26 23:00:00,Annual,Thousand hours worked,Financial and insurance activities,Total employment domestic concept,Germany,2000,2032194,,
ESTAT:NAMA_10_A10_E(1.0),20/01/26 23:00:00,Annual,Thousand hours worked,Financial and insurance activities,Total employment domestic concept,Germany,2001,2026837,,
ESTAT:NAMA_10_A10_E(1.0),20/01/26 23:00:00,Annual,Thousand hours worked,Financial and insurance activities,Total employment domestic concept,Germany,2002,2019540,,
ESTAT:NAMA_10_A10_E(1.0),20/01/26 23:00:00,Annual,Thousand hours worked,Financial and insurance activities,Total employment domestic concept,Germany,2003,1981440,,
ESTAT:NAMA_10_A10_E(1.0),20/01/26 23:00:00,Annual,Thousand hours worked,Financial and insurance activities,Total employment domestic concept,Germany,2004,1961179,,
ESTAT:NAMA_10_A10_E(1.0),20/01/26 23:00:00,Annual,Thousand hours worked,Financial and insurance activities,Total employment domestic concept,Germany,2005,1941929,,
ESTAT:NAMA_10_A10_E(1.0),20/01/26 23:00:00,Annual,Thousand hours worked,Financial and insurance activities,Total employment domestic concept,Germany,2006,1964313,,
ESTAT:NAMA_10_A10_E(1.0),20/01/26 23:00:00,Annual,Thousand hours worked,Financial and insurance activities,Total employment domestic concept,Germany,2007,1915059,,
ESTAT:NAMA_10_A10_E(1.0),20/01/26 23:00:00,Annual,Thousand hours worked,Financial and insurance activities,Total employment domestic concept,Germany,2008,1881058,,
ESTAT:NAMA_10_A10_E(1.0),20/01/26 23:00:00,Annual,Thousand hours worked,Financial and insurance activities,Total employment domestic concept,Germany,2009,1852012,,
ESTAT:NAMA_10_A10_E(1.0),20/01/26 23:00:00,Annual,Thousand hours worked,Financial and insurance activities,Total employment domestic concept,Germany,2010,1850520,,
ESTAT:NAMA_10_A10_E(1.0),20/01/26 23:00:00,Annual,Thousand hours worked,Financial and insurance activities,Total employment domestic concept,Germany,2011,1826257,,
ESTAT:NAMA_10_A10_E(1.0),20/01/26 23:00:00,Annual,Thousand hours worked,Financial and insurance activities,Total employment domestic concept,Germany,2012,1800487,,
ESTAT:NAMA_10_A10_E(1.0),20/01/26 23:00:00,Annual,Thousand hours worked,Financial and insurance activities,Total employment domestic concept,Germany,2013,1789568,,
ESTAT:NAMA_10_A10_E(1.0),20/01/26 23:00:00,Annual,Thousand hours worked,Financial and insurance activities,Total employment domestic concept,Germany,2014,1777723,,
ESTAT:NAMA_10_A10_E(1.0),20/01/26 23:00:00,Annual,Thousand hours worked,Financial and insurance activities,Total employment domestic concept,Germany,2015,1771963,,
ESTAT:NAMA_10_A10_E(1.0),20/01/26 23:00:00,Annual,Thousand hours worked,Financial and insurance activities,Total employment domestic concept,Germany,2016,1741613,,
ESTAT:NAMA_10_A10_E(1.0),20/01/26 23:00:00,Annual,Thousand hours worked,Financial and insurance activities,Total employment domestic concept,Germany,2017,1682489,,
ESTAT:NAMA_10_A10_E(1.0),20/01/26 23:00:00,Annual,Thousand hours worked,Financial and insurance activities,Total employment domestic concept,Germany,2018,1625658,,
ESTAT:NAMA_10_A10_E(1.0),20/01/26 23:00:00,Annual,Thousand hours worked,Financial and insurance activities,Total employment domestic concept,Germany,2019,1603107,,
ESTAT:NAMA_10_A10_E(1.0),20/01/26 23:00:00,Annual,Thousand hours worked,Financial and insurance activities,Total employment domestic concept,Germany,2020,1559777,,
ESTAT:NAMA_10_A10_E(1.0),20/01/26 23:00:00,Annual,Thousand hours worked,Financial and insurance activities,Total employment domestic concept,Germany,2021,1592568,,
ESTAT:NAMA_10_A10_E(1.0),20/01/26 23:00:00,Annual,Thousand hours worked,Financial and insurance activities,Total employment domestic concept,Germany,2022,1556795,p,
ESTAT:NAMA_10_A10_E(1.0),20/01/26 23:00:00,Annual,Thousand hours worked,Financial and insurance activities,Total employment domestic concept,Germany,2023,1559041,p,
ESTAT:NAMA_10_A10_E(1.0),20/01/26 23:00:00,Annual,Thousand hours worked,Financial and insurance activities,Total employment domestic concept,Spain,2000,620645,,
ESTAT:NAMA_10_A10_E(1.0),20/01/26 23:00:00,Annual,Thousand hours worked,Financial and insurance activities,Total employment domestic concept,Spain,2001,617839,,
ESTAT:NAMA_10_A10_E(1.0),20/01/26 23:00:00,Annual,Thousand hours worked,Financial and insurance activities,Total employment domestic concept,Spain,2002,628744,,
ESTAT:NAMA_10_A10_E(1.0),20/01/26 23:00:00,Annual,Thousand hours worked,Financial and insurance activities,Total employment domestic concept,Spain,2003,629359,,
ESTAT:NAMA_10_A10_E(1.0),20/01/26 23:00:00,Annual,Thousand hours worked,Financial and insurance activities,Total employment domestic concept,Spain,2004,632755,,
ESTAT:NAMA_10_A10_E(1.0),20/01/26 23:00:00,Annual,Thousand hours worked,Financial and insurance activities,Total employment domestic concept,Spain,2005,641538,,
ESTAT:NAMA_10_A10_E(1.0),20/01/26 23:00:00,Annual,Thousand hours worked,Financial and insurance activities,Total employment domestic concept,Spain,2006,666451,,
ESTAT:NAMA_10_A10_E(1.0),20/01/26 23:00:00,Annual,Thousand hours worked,Financial and insurance activities,Total employment domestic concept,Spain,2007,686572,,
ESTAT:NAMA_10_A10_E(1.0),20/01/26 23:00:00,Annual,Thousand hours worked,Financial and insurance activities,Total employment domestic concept,Spain,2008,701955,,
ESTAT:NAMA_10_A10_E(1.0),20/01/26 23:00:00,Annual,Thousand hours worked,Financial and insurance activities,Total employment domestic concept,Spain,2009,685223,,
ESTAT:NAMA_10_A10_E(1.0),20/01/26 23:00:00,Annual,Thousand hours worked,Financial and insurance activities,Total employment domestic concept,Spain,2010,669106,,
ESTAT:NAMA_10_A10_E(1.0),20/01/26 23:00:00,Annual,Thousand hours worked,Financial and insurance activities,Total employment domestic concept,Spain,2011,651956,,
ESTAT:NAMA_10_A10_E(1.0),20/01/26 23:00:00,Annual,Thousand hours worked,Financial and insurance activities,Total employment domestic concept,Spain,2012,635156,,
ESTAT:NAMA_10_A10_E(1.0),20/01/26 23:00:00,Annual,Thousand hours worked,Financial and insurance activities,Total employment domestic concept,Spain,2013,607274,,
ESTAT:NAMA_10_A10_E(1.0),20/01/26 23:00:00,Annual,Thousand hours worked,Financial and insurance activities,Total employment domestic concept,Spain,2014,595672,,
ESTAT:NAMA_10_A10_E(1.0),20/01/26 23:00:00,Annual,Thousand hours worked,Financial and insurance activities,Total employment domestic concept,Spain,2015,582200,,
ESTAT:NAMA_10_A10_E(1.0),20/01/26 23:00:00,Annual,Thousand hours worked,Financial and insurance activities,Total employment domestic concept,Spain,2016,592569,,
ESTAT:NAMA_10_A10_E(1.0),20/01/26 23:00:00,Annual,Thousand hours worked,Financial and insurance activities,Total employment domestic concept,Spain,2017,586494,,
ESTAT:NAMA_10_A10_E(1.0),20/01/26 23:00:00,Annual,Thousand hours worked,Financial and insurance activities,Total employment domestic concept,Spain,2018,586525,,
ESTAT:NAMA_10_A10_E(1.0),20/01/26 23:00:00,Annual,Thousand hours worked,Financial and insurance activities,Total employment domestic concept,Spain,2019,605510,,
ESTAT:NAMA_10_A10_E(1.0),20/01/26 23:00:00,Annual,Thousand hours worked,Financial and insurance activities,Total employment domestic concept,Spain,2020,603287,,
ESTAT:NAMA_10_A10_E(1.0),20/01/26 23:00:00,Annual,Thousand hours worked,Financial and insurance activities,Total employment domestic concept,Spain,2021,614290,,
ESTAT:NAMA_10_A10_E(1.0),20/01/26 23:00:00,Annual,Thousand hours worked,Financial and insurance activities,Total employment domestic concept,Spain,2022,582298,,
ESTAT:NAMA_10_A10_E(1.0),20/01/26 23:00:00,Annual,Thousand hours worked,Financial and insurance activities,Total employment domestic concept,Spain,2023,592878,p,
ESTAT:NAMA_10_A10_E(1.0),20/01/26 23:00:00,Annual,Thousand hours worked,Financial and insurance activities,Total employment domestic concept,Netherlands,2000,433340,,
ESTAT:NAMA_10_A10_E(1.0),20/01/26 23:00:00,Annual,Thousand hours worked,Financial and insurance activities,Total employment domestic concept,Netherlands,2001,431913,,
ESTAT:NAMA_10_A10_E(1.0),20/01/26 23:00:00,Annual,Thousand hours worked,Financial and insurance activities,Total employment domestic concept,Netherlands,2002,429078,,
ESTAT:NAMA_10_A10_E(1.0),20/01/26 23:00:00,Annual,Thousand hours worked,Financial and insurance activities,Total employment domestic concept,Netherlands,2003,417906,,
ESTAT:NAMA_10_A10_E(1.0),20/01/26 23:00:00,Annual,Thousand hours worked,Financial and insurance activities,Total employment domestic concept,Netherlands,2004,414089,,
ESTAT:NAMA_10_A10_E(1.0),20/01/26 23:00:00,Annual,Thousand hours worked,Financial and insurance activities,Total employment domestic concept,Netherlands,2005,406950,,
ESTAT:NAMA_10_A10_E(1.0),20/01/26 23:00:00,Annual,Thousand hours worked,Financial and insurance activities,Total employment domestic concept,Netherlands,2006,422071,,
ESTAT:NAMA_10_A10_E(1.0),20/01/26 23:00:00,Annual,Thousand hours worked,Financial and insurance activities,Total employment domestic concept,Netherlands,2007,423180,,
ESTAT:NAMA_10_A10_E(1.0),20/01/26 23:00:00,Annual,Thousand hours worked,Financial and insurance activities,Total employment domestic concept,Netherlands,2008,415144,,
ESTAT:NAMA_10_A10_E(1.0),20/01/26 23:00:00,Annual,Thousand hours worked,Financial and insurance activities,Total employment domestic concept,Netherlands,2009,407076,,
ESTAT:NAMA_10_A10_E(1.0),20/01/26 23:00:00,Annual,Thousand hours worked,Financial and insurance activities,Total employment domestic concept,Netherlands,2010,393880,,
ESTAT:NAMA_10_A10_E(1.0),20/01/26 23:00:00,Annual,Thousand hours worked,Financial and insurance activities,Total employment domestic concept,Netherlands,2011,388407,,
ESTAT:NAMA_10_A10_E(1.0),20/01/26 23:00:00,Annual,Thousand hours worked,Financial and insurance activities,Total employment domestic concept,Netherlands,2012,376898,,
ESTAT:NAMA_10_A10_E(1.0),20/01/26 23:00:00,Annual,Thousand hours worked,Financial and insurance activities,Total employment domestic concept,Netherlands,2013,368309,,
ESTAT:NAMA_10_A10_E(1.0),20/01/26 23:00:00,Annual,Thousand hours worked,Financial and insurance activities,Total employment domestic concept,Netherlands,2014,358857,,
ESTAT:NAMA_10_A10_E(1.0),20/01/26 23:00:00,Annual,Thousand hours worked,Financial and insurance activities,Total employment domestic concept,Netherlands,2015,347202,,
ESTAT:NAMA_10_A10_E(1.0),20/01/26 23:00:00,Annual,Thousand hours worked,Financial and insurance activities,Total employment domestic concept,Netherlands,2016,340308,,
ESTAT:NAMA_10_A10_E(1.0),20/01/26 23:00:00,Annual,Thousand hours worked,Financial and insurance activities,Total employment domestic concept,Netherlands,2017,326809,,
ESTAT:NAMA_10_A10_E(1.0),20/01/26 23:00:00,Annual,Thousand hours worked,Financial and insurance activities,Total employment domestic concept,Netherlands,2018,319927,,
ESTAT:NAMA_10_A10_E(1.0),20/01/26 23:00:00,Annual,Thousand hours worked,Financial and insurance activities,Total employment domestic concept,Netherlands,2019,318770,,
ESTAT:NAMA_10_A10_E(1.0),20/01/26 23:00:00,Annual,Thousand hours worked,Financial and insurance activities,Total employment domestic concept,Netherlands,2020,321693,,
ESTAT:NAMA_10_A10_E(1.0),20/01/26 23:00:00,Annual,Thousand hours worked,Financial and insurance activities,Total employment domestic concept,Netherlands,2021,328285,,
ESTAT:NAMA_10_A10_E(1.0),20/01/26 23:00:00,Annual,Thousand hours worked,Financial and insurance activities,Total employment domestic concept,Netherlands,2022,334717,,
ESTAT:NAMA_10_A10_E(1.0),20/01/26 23:00:00,Annual,Thousand hours worked,Financial and insurance activities,Total employment domestic concept,Netherlands,2023,340985,p,
ESTAT:NAMA_10_A10_E(1.0),20/01/26 23:00:00,Annual,Thousand hours worked,Financial and insurance activities,Total employment domestic concept,Portugal,2000,173657,,
ESTAT:NAMA_10_A10_E(1.0),20/01/26 23:00:00,Annual,Thousand hours worked,Financial and insurance activities,Total employment domestic concept,Portugal,2001,163987,,
ESTAT:NAMA_10_A10_E(1.0),20/01/26 23:00:00,Annual,Thousand hours worked,Financial and insurance activities,Total employment domestic concept,Portugal,2002,160386,,
ESTAT:NAMA_10_A10_E(1.0),20/01/26 23:00:00,Annual,Thousand hours worked,Financial and insurance activities,Total employment domestic concept,Portugal,2003,155616,,
ESTAT:NAMA_10_A10_E(1.0),20/01/26 23:00:00,Annual,Thousand hours worked,Financial and insurance activities,Total employment domestic concept,Portugal,2004,152658,,
ESTAT:NAMA_10_A10_E(1.0),20/01/26 23:00:00,Annual,Thousand hours worked,Financial and insurance activities,Total employment domestic concept,Portugal,2005,152570,,
ESTAT:NAMA_10_A10_E(1.0),20/01/26 23:00:00,Annual,Thousand hours worked,Financial and insurance activities,Total employment domestic concept,Portugal,2006,156071,,
ESTAT:NAMA_10_A10_E(1.0),20/01/26 23:00:00,Annual,Thousand hours worked,Financial and insurance activities,Total employment domestic concept,Portugal,2007,162829,,
ESTAT:NAMA_10_A10_E(1.0),20/01/26 23:00:00,Annual,Thousand hours worked,Financial and insurance activities,Total employment domestic concept,Portugal,2008,162215,,
ESTAT:NAMA_10_A10_E(1.0),20/01/26 23:00:00,Annual,Thousand hours worked,Financial and insurance activities,Total employment domestic concept,Portugal,2009,168092,,
ESTAT:NAMA_10_A10_E(1.0),20/01/26 23:00:00,Annual,Thousand hours worked,Financial and insurance activities,Total employment domestic concept,Portugal,2010,172509,,
ESTAT:NAMA_10_A10_E(1.0),20/01/26 23:00:00,Annual,Thousand hours worked,Financial and insurance activities,Total employment domestic concept,Portugal,2011,174228,,
ESTAT:NAMA_10_A10_E(1.0),20/01/26 23:00:00,Annual,Thousand hours worked,Financial and insurance activities,Total employment domestic concept,Portugal,2012,169617,,
ESTAT:NAMA_10_A10_E(1.0),20/01/26 23:00:00,Annual,Thousand hours worked,Financial and insurance activities,Total employment domestic concept,Portugal,2013,166909,,
ESTAT:NAMA_10_A10_E(1.0),20/01/26 23:00:00,Annual,Thousand hours worked,Financial and insurance activities,Total employment domestic concept,Portugal,2014,162331,,
ESTAT:NAMA_10_A10_E(1.0),20/01/26 23:00:00,Annual,Thousand hours worked,Financial and insurance activities,Total employment domestic concept,Portugal,2015,156822,,
ESTAT:NAMA_10_A10_E(1.0),20/01/26 23:00:00,Annual,Thousand hours worked,Financial and insurance activities,Total employment domestic concept,Portugal,2016,155016,,
ESTAT:NAMA_10_A10_E(1.0),20/01/26 23:00:00,Annual,Thousand hours worked,Financial and insurance activities,Total employment domestic concept,Portugal,2017,150678,,
ESTAT:NAMA_10_A10_E(1.0),20/01/26 23:00:00,Annual,Thousand hours worked,Financial and insurance activities,Total employment domestic concept,Portugal,2018,151669,,
ESTAT:NAMA_10_A10_E(1.0),20/01/26 23:00:00,Annual,Thousand hours worked,Financial and insurance activities,Total employment domestic concept,Portugal,2019,155923,,
ESTAT:NAMA_10_A10_E(1.0),20/01/26 23:00:00,Annual,Thousand hours worked,Financial and insurance activities,Total employment domestic concept,Portugal,2020,155130,,
ESTAT:NAMA_10_A10_E(1.0),20/01/26 23:00:00,Annual,Thousand hours worked,Financial and insurance activities,Total employment domestic concept,Portugal,2021,155835,,
ESTAT:NAMA_10_A10_E(1.0),20/01/26 23:00:00,Annual,Thousand hours worked,Financial and insurance activities,Total employment domestic concept,Portugal,2022,156554,,
ESTAT:NAMA_10_A10_E(1.0),20/01/26 23:00:00,Annual,Thousand hours worked,Financial and insurance activities,Total employment domestic concept,Portugal,2023,158629,,
ESTAT:NAMA_10_A10_E(1.0),20/01/26 23:00:00,Annual,Thousand hours worked,Real estate activities,Total employment domestic concept,Austria,2000,94808,,
ESTAT:NAMA_10_A10_E(1.0),20/01/26 23:00:00,Annual,Thousand hours worked,Real estate activities,Total employment domestic concept,Austria,2001,89519,,
ESTAT:NAMA_10_A10_E(1.0),20/01/26 23:00:00,Annual,Thousand hours worked,Real estate activities,Total employment domestic concept,Austria,2002,90499,,
ESTAT:NAMA_10_A10_E(1.0),20/01/26 23:00:00,Annual,Thousand hours worked,Real estate activities,Total employment domestic concept,Austria,2003,98758,,
ESTAT:NAMA_10_A10_E(1.0),20/01/26 23:00:00,Annual,Thousand hours worked,Real estate activities,Total employment domestic concept,Austria,2004,97568,,
ESTAT:NAMA_10_A10_E(1.0),20/01/26 23:00:00,Annual,Thousand hours worked,Real estate activities,Total employment domestic concept,Austria,2005,112023,,
ESTAT:NAMA_10_A10_E(1.0),20/01/26 23:00:00,Annual,Thousand hours worked,Real estate activities,Total employment domestic concept,Austria,2006,105630,,
ESTAT:NAMA_10_A10_E(1.0),20/01/26 23:00:00,Annual,Thousand hours worked,Real estate activities,Total employment domestic concept,Austria,2007,112302,,
ESTAT:NAMA_10_A10_E(1.0),20/01/26 23:00:00,Annual,Thousand hours worked,Real estate activities,Total employment domestic concept,Austria,2008,118234,,
ESTAT:NAMA_10_A10_E(1.0),20/01/26 23:00:00,Annual,Thousand hours worked,Real estate activities,Total employment domestic concept,Austria,2009,113348,,
ESTAT:NAMA_10_A10_E(1.0),20/01/26 23:00:00,Annual,Thousand hours worked,Real estate activities,Total employment domestic concept,Austria,2010,114799,,
ESTAT:NAMA_10_A10_E(1.0),20/01/26 23:00:00,Annual,Thousand hours worked,Real estate activities,Total employment domestic concept,Austria,2011,113207,,
ESTAT:NAMA_10_A10_E(1.0),20/01/26 23:00:00,Annual,Thousand hours worked,Real estate activities,Total employment domestic concept,Austria,2012,118908,,
ESTAT:NAMA_10_A10_E(1.0),20/01/26 23:00:00,Annual,Thousand hours worked,Real estate activities,Total employment domestic concept,Austria,2013,116319,,
ESTAT:NAMA_10_A10_E(1.0),20/01/26 23:00:00,Annual,Thousand hours worked,Real estate activities,Total employment domestic concept,Austria,2014,113452,,
ESTAT:NAMA_10_A10_E(1.0),20/01/26 23:00:00,Annual,Thousand hours worked,Real estate activities,Total employment domestic concept,Austria,2015,113070,,
ESTAT:NAMA_10_A10_E(1.0),20/01/26 23:00:00,Annual,Thousand hours worked,Real estate activities,Total employment domestic concept,Austria,2016,111291,,
ESTAT:NAMA_10_A10_E(1.0),20/01/26 23:00:00,Annual,Thousand hours worked,Real estate activities,Total employment domestic concept,Austria,2017,110888,,
ESTAT:NAMA_10_A10_E(1.0),20/01/26 23:00:00,Annual,Thousand hours worked,Real estate activities,Total employment domestic concept,Austria,2018,119891,,
ESTAT:NAMA_10_A10_E(1.0),20/01/26 23:00:00,Annual,Thousand hours worked,Real estate activities,Total employment domestic concept,Austria,2019,120782,,
ESTAT:NAMA_10_A10_E(1.0),20/01/26 23:00:00,Annual,Thousand hours worked,Real estate activities,Total employment domestic concept,Austria,2020,113191,,
ESTAT:NAMA_10_A10_E(1.0),20/01/26 23:00:00,Annual,Thousand hours worked,Real estate activities,Total employment domestic concept,Austria,2021,118562,,
ESTAT:NAMA_10_A10_E(1.0),20/01/26 23:00:00,Annual,Thousand hours worked,Real estate activities,Total employment domestic concept,Austria,2022,116742,,
ESTAT:NAMA_10_A10_E(1.0),20/01/26 23:00:00,Annual,Thousand hours worked,Real estate activities,Total employment domestic concept,Austria,2023,114983,,
ESTAT:NAMA_10_A10_E(1.0),20/01/26 23:00:00,Annual,Thousand hours worked,Real estate activities,Total employment domestic concept,Germany,2000,632507,,
ESTAT:NAMA_10_A10_E(1.0),20/01/26 23:00:00,Annual,Thousand hours worked,Real estate activities,Total employment domestic concept,Germany,2001,622242,,
ESTAT:NAMA_10_A10_E(1.0),20/01/26 23:00:00,Annual,Thousand hours worked,Real estate activities,Total employment domestic concept,Germany,2002,611463,,
ESTAT:NAMA_10_A10_E(1.0),20/01/26 23:00:00,Annual,Thousand hours worked,Real estate activities,Total employment domestic concept,Germany,2003,602916,,
ESTAT:NAMA_10_A10_E(1.0),20/01/26 23:00:00,Annual,Thousand hours worked,Real estate activities,Total employment domestic concept,Germany,2004,600354,,
ESTAT:NAMA_10_A10_E(1.0),20/01/26 23:00:00,Annual,Thousand hours worked,Real estate activities,Total employment domestic concept,Germany,2005,598447,,
ESTAT:NAMA_10_A10_E(1.0),20/01/26 23:00:00,Annual,Thousand hours worked,Real estate activities,Total employment domestic concept,Germany,2006,620334,,
ESTAT:NAMA_10_A10_E(1.0),20/01/26 23:00:00,Annual,Thousand hours worked,Real estate activities,Total employment domestic concept,Germany,2007,622034,,
ESTAT:NAMA_10_A10_E(1.0),20/01/26 23:00:00,Annual,Thousand hours worked,Real estate activities,Total employment domestic concept,Germany,2008,618635,,
ESTAT:NAMA_10_A10_E(1.0),20/01/26 23:00:00,Annual,Thousand hours worked,Real estate activities,Total employment domestic concept,Germany,2009,594505,,
ESTAT:NAMA_10_A10_E(1.0),20/01/26 23:00:00,Annual,Thousand hours worked,Real estate activities,Total employment domestic concept,Germany,2010,598952,,
ESTAT:NAMA_10_A10_E(1.0),20/01/26 23:00:00,Annual,Thousand hours worked,Real estate activities,Total employment domestic concept,Germany,2011,589440,,
ESTAT:NAMA_10_A10_E(1.0),20/01/26 23:00:00,Annual,Thousand hours worked,Real estate activities,Total employment domestic concept,Germany,2012,585304,,
ESTAT:NAMA_10_A10_E(1.0),20/01/26 23:00:00,Annual,Thousand hours worked,Real estate activities,Total employment domestic concept,Germany,2013,583427,,
ESTAT:NAMA_10_A10_E(1.0),20/01/26 23:00:00,Annual,Thousand hours worked,Real estate activities,Total employment domestic concept,Germany,2014,585633,,
ESTAT:NAMA_10_A10_E(1.0),20/01/26 23:00:00,Annual,Thousand hours worked,Real estate activities,Total employment domestic concept,Germany,2015,579409,,
ESTAT:NAMA_10_A10_E(1.0),20/01/26 23:00:00,Annual,Thousand hours worked,Real estate activities,Total employment domestic concept,Germany,2016,578423,,
ESTAT:NAMA_10_A10_E(1.0),20/01/26 23:00:00,Annual,Thousand hours worked,Real estate activities,Total employment domestic concept,Germany,2017,586683,,
ESTAT:NAMA_10_A10_E(1.0),20/01/26 23:00:00,Annual,Thousand hours worked,Real estate activities,Total employment domestic concept,Germany,2018,588646,,
ESTAT:NAMA_10_A10_E(1.0),20/01/26 23:00:00,Annual,Thousand hours worked,Real estate activities,Total employment domestic concept,Germany,2019,588254,,
ESTAT:NAMA_10_A10_E(1.0),20/01/26 23:00:00,Annual,Thousand hours worked,Real estate activities,Total employment domestic concept,Germany,2020,570034,,
ESTAT:NAMA_10_A10_E(1.0),20/01/26 23:00:00,Annual,Thousand hours worked,Real estate activities,Total employment domestic concept,Germany,2021,602344,,
ESTAT:NAMA_10_A10_E(1.0),20/01/26 23:00:00,Annual,Thousand hours worked,Real estate activities,Total employment domestic concept,Germany,2022,633267,p,
ESTAT:NAMA_10_A10_E(1.0),20/01/26 23:00:00,Annual,Thousand hours worked,Real estate activities,Total employment domestic concept,Germany,2023,650696,p,
ESTAT:NAMA_10_A10_E(1.0),20/01/26 23:00:00,Annual,Thousand hours worked,Real estate activities,Total employment domestic concept,Spain,2000,184822,,
ESTAT:NAMA_10_A10_E(1.0),20/01/26 23:00:00,Annual,Thousand hours worked,Real estate activities,Total employment domestic concept,Spain,2001,198548,,
ESTAT:NAMA_10_A10_E(1.0),20/01/26 23:00:00,Annual,Thousand hours worked,Real estate activities,Total employment domestic concept,Spain,2002,214631,,
ESTAT:NAMA_10_A10_E(1.0),20/01/26 23:00:00,Annual,Thousand hours worked,Real estate activities,Total employment domestic concept,Spain,2003,239268,,
ESTAT:NAMA_10_A10_E(1.0),20/01/26 23:00:00,Annual,Thousand hours worked,Real estate activities,Total employment domestic concept,Spain,2004,256871,,
ESTAT:NAMA_10_A10_E(1.0),20/01/26 23:00:00,Annual,Thousand hours worked,Real estate activities,Total employment domestic concept,Spain,2005,283168,,
ESTAT:NAMA_10_A10_E(1.0),20/01/26 23:00:00,Annual,Thousand hours worked,Real estate activities,Total employment domestic concept,Spain,2006,322119,,
ESTAT:NAMA_10_A10_E(1.0),20/01/26 23:00:00,Annual,Thousand hours worked,Real estate activities,Total employment domestic concept,Spain,2007,333868,,
ESTAT:NAMA_10_A10_E(1.0),20/01/26 23:00:00,Annual,Thousand hours worked,Real estate activities,Total employment domestic concept,Spain,2008,355878,,
ESTAT:NAMA_10_A10_E(1.0),20/01/26 23:00:00,Annual,Thousand hours worked,Real estate activities,Total employment domestic concept,Spain,2009,323505,,
ESTAT:NAMA_10_A10_E(1.0),20/01/26 23:00:00,Annual,Thousand hours worked,Real estate activities,Total employment domestic concept,Spain,2010,316738,,
ESTAT:NAMA_10_A10_E(1.0),20/01/26 23:00:00,Annual,Thousand hours worked,Real estate activities,Total employment domestic concept,Spain,2011,313558,,
ESTAT:NAMA_10_A10_E(1.0),20/01/26 23:00:00,Annual,Thousand hours worked,Real estate activities,Total employment domestic concept,Spain,2012,296044,,
ESTAT:NAMA_10_A10_E(1.0),20/01/26 23:00:00,Annual,Thousand hours worked,Real estate activities,Total employment domestic concept,Spain,2013,272319,,
ESTAT:NAMA_10_A10_E(1.0),20/01/26 23:00:00,Annual,Thousand hours worked,Real estate activities,Total employment domestic concept,Spain,2014,294388,,
ESTAT:NAMA_10_A10_E(1.0),20/01/26 23:00:00,Annual,Thousand hours worked,Real estate activities,Total employment domestic concept,Spain,2015,311901,,
ESTAT:NAMA_10_A10_E(1.0),20/01/26 23:00:00,Annual,Thousand hours worked,Real estate activities,Total employment domestic concept,Spain,2016,336005,,
ESTAT:NAMA_10_A10_E(1.0),20/01/26 23:00:00,Annual,Thousand hours worked,Real estate activities,Total employment domestic concept,Spain,2017,347382,,
ESTAT:NAMA_10_A10_E(1.0),20/01/26 23:00:00,Annual,Thousand hours worked,Real estate activities,Total employment domestic concept,Spain,2018,381970,,
ESTAT:NAMA_10_A10_E(1.0),20/01/26 23:00:00,Annual,Thousand hours worked,Real estate activities,Total employment domestic concept,Spain,2019,396008,,
ESTAT:NAMA_10_A10_E(1.0),20/01/26 23:00:00,Annual,Thousand hours worked,Real estate activities,Total employment domestic concept,Spain,2020,373478,,
ESTAT:NAMA_10_A10_E(1.0),20/01/26 23:00:00,Annual,Thousand hours worked,Real estate activities,Total employment domestic concept,Spain,2021,408809,,
ESTAT:NAMA_10_A10_E(1.0),20/01/26 23:00:00,Annual,Thousand hours worked,Real estate activities,Total employment domestic concept,Spain,2022,452649,,
ESTAT:NAMA_10_A10_E(1.0),20/01/26 23:00:00,Annual,Thousand hours worked,Real estate activities,Total employment domestic concept,Spain,2023,462905,p,
ESTAT:NAMA_10_A10_E(1.0),20/01/26 23:00:00,Annual,Thousand hours worked,Real estate activities,Total employment domestic concept,Netherlands,2000,102961,,
ESTAT:NAMA_10_A10_E(1.0),20/01/26 23:00:00,Annual,Thousand hours worked,Real estate activities,Total employment domestic concept,Netherlands,2001,105073,,
ESTAT:NAMA_10_A10_E(1.0),20/01/26 23:00:00,Annual,Thousand hours worked,Real estate activities,Total employment domestic concept,Netherlands,2002,108626,,
ESTAT:NAMA_10_A10_E(1.0),20/01/26 23:00:00,Annual,Thousand hours worked,Real estate activities,Total employment domestic concept,Netherlands,2003,108606,,
ESTAT:NAMA_10_A10_E(1.0),20/01/26 23:00:00,Annual,Thousand hours worked,Real estate activities,Total employment domestic concept,Netherlands,2004,111418,,
ESTAT:NAMA_10_A10_E(1.0),20/01/26 23:00:00,Annual,Thousand hours worked,Real estate activities,Total employment domestic concept,Netherlands,2005,111577,,
ESTAT:NAMA_10_A10_E(1.0),20/01/26 23:00:00,Annual,Thousand hours worked,Real estate activities,Total employment domestic concept,Netherlands,2006,112363,,
ESTAT:NAMA_10_A10_E(1.0),20/01/26 23:00:00,Annual,Thousand hours worked,Real estate activities,Total employment domestic concept,Netherlands,2007,116376,,
ESTAT:NAMA_10_A10_E(1.0),20/01/26 23:00:00,Annual,Thousand hours worked,Real estate activities,Total employment domestic concept,Netherlands,2008,120196,,
ESTAT:NAMA_10_A10_E(1.0),20/01/26 23:00:00,Annual,Thousand hours worked,Real estate activities,Total employment domestic concept,Netherlands,2009,120515,,
ESTAT:NAMA_10_A10_E(1.0),20/01/26 23:00:00,Annual,Thousand hours worked,Real estate activities,Total employment domestic concept,Netherlands,2010,115590,,
ESTAT:NAMA_10_A10_E(1.0),20/01/26 23:00:00,Annual,Thousand hours worked,Real estate activities,Total employment domestic concept,Netherlands,2011,114898,,
ESTAT:NAMA_10_A10_E(1.0),20/01/26 23:00:00,Annual,Thousand hours worked,Real estate activities,Total employment domestic concept,Netherlands,2012,111185,,
ESTAT:NAMA_10_A10_E(1.0),20/01/26 23:00:00,Annual,Thousand hours worked,Real estate activities,Total employment domestic concept,Netherlands,2013,110194,,
ESTAT:NAMA_10_A10_E(1.0),20/01/26 23:00:00,Annual,Thousand hours worked,Real estate activities,Total employment domestic concept,Netherlands,2014,108805,,
ESTAT:NAMA_10_A10_E(1.0),20/01/26 23:00:00,Annual,Thousand hours worked,Real estate activities,Total employment domestic concept,Netherlands,2015,107768,,
ESTAT:NAMA_10_A10_E(1.0),20/01/26 23:00:00,Annual,Thousand hours worked,Real estate activities,Total employment domestic concept,Netherlands,2016,109034,,
ESTAT:NAMA_10_A10_E(1.0),20/01/26 23:00:00,Annual,Thousand hours worked,Real estate activities,Total employment domestic concept,Netherlands,2017,111350,,
ESTAT:NAMA_10_A10_E(1.0),20/01/26 23:00:00,Annual,Thousand hours worked,Real estate activities,Total employment domestic concept,Netherlands,2018,111533,,
ESTAT:NAMA_10_A10_E(1.0),20/01/26 23:00:00,Annual,Thousand hours worked,Real estate activities,Total employment domestic concept,Netherlands,2019,112188,,
ESTAT:NAMA_10_A10_E(1.0),20/01/26 23:00:00,Annual,Thousand hours worked,Real estate activities,Total employment domestic concept,Netherlands,2020,111895,,
ESTAT:NAMA_10_A10_E(1.0),20/01/26 23:00:00,Annual,Thousand hours worked,Real estate activities,Total employment domestic concept,Netherlands,2021,115667,,
ESTAT:NAMA_10_A10_E(1.0),20/01/26 23:00:00,Annual,Thousand hours worked,Real estate activities,Total employment domestic concept,Netherlands,2022,117471,,
ESTAT:NAMA_10_A10_E(1.0),20/01/26 23:00:00,Annual,Thousand hours worked,Real estate activities,Total employment domestic concept,Netherlands,2023,119769,p,
ESTAT:NAMA_10_A10_E(1.0),20/01/26 23:00:00,Annual,Thousand hours worked,Real estate activities,Total employment domestic concept,Portugal,2000,79502,,
ESTAT:NAMA_10_A10_E(1.0),20/01/26 23:00:00,Annual,Thousand hours worked,Real estate activities,Total employment domestic concept,Portugal,2001,74854,,
ESTAT:NAMA_10_A10_E(1.0),20/01/26 23:00:00,Annual,Thousand hours worked,Real estate activities,Total employment domestic concept,Portugal,2002,72735,,
ESTAT:NAMA_10_A10_E(1.0),20/01/26 23:00:00,Annual,Thousand hours worked,Real estate activities,Total employment domestic concept,Portugal,2003,72807,,
ESTAT:NAMA_10_A10_E(1.0),20/01/26 23:00:00,Annual,Thousand hours worked,Real estate activities,Total employment domestic concept,Portugal,2004,69457,,
ESTAT:NAMA_10_A10_E(1.0),20/01/26 23:00:00,Annual,Thousand hours worked,Real estate activities,Total employment domestic concept,Portugal,2005,71502,,
ESTAT:NAMA_10_A10_E(1.0),20/01/26 23:00:00,Annual,Thousand hours worked,Real estate activities,Total employment domestic concept,Portugal,2006,71868,,
ESTAT:NAMA_10_A10_E(1.0),20/01/26 23:00:00,Annual,Thousand hours worked,Real estate activities,Total employment domestic concept,Portugal,2007,80005,,
ESTAT:NAMA_10_A10_E(1.0),20/01/26 23:00:00,Annual,Thousand hours worked,Real estate activities,Total employment domestic concept,Portugal,2008,80127,,
ESTAT:NAMA_10_A10_E(1.0),20/01/26 23:00:00,Annual,Thousand hours worked,Real estate activities,Total employment domestic concept,Portugal,2009,78613,,
ESTAT:NAMA_10_A10_E(1.0),20/01/26 23:00:00,Annual,Thousand hours worked,Real estate activities,Total employment domestic concept,Portugal,2010,79213,,
ESTAT:NAMA_10_A10_E(1.0),20/01/26 23:00:00,Annual,Thousand hours worked,Real estate activities,Total employment domestic concept,Portugal,2011,75171,,
ESTAT:NAMA_10_A10_E(1.0),20/01/26 23:00:00,Annual,Thousand hours worked,Real estate activities,Total employment domestic concept,Portugal,2012,69435,,
ESTAT:NAMA_10_A10_E(1.0),20/01/26 23:00:00,Annual,Thousand hours worked,Real estate activities,Total employment domestic concept,Portugal,2013,69444,,
ESTAT:NAMA_10_A10_E(1.0),20/01/26 23:00:00,Annual,Thousand hours worked,Real estate activities,Total employment domestic concept,Portugal,2014,72854,,
ESTAT:NAMA_10_A10_E(1.0),20/01/26 23:00:00,Annual,Thousand hours worked,Real estate activities,Total employment domestic concept,Portugal,2015,78815,,
ESTAT:NAMA_10_A10_E(1.0),20/01/26 23:00:00,Annual,Thousand hours worked,Real estate activities,Total employment domestic concept,Portugal,2016,89148,,
ESTAT:NAMA_10_A10_E(1.0),20/01/26 23:00:00,Annual,Thousand hours worked,Real estate activities,Total employment domestic concept,Portugal,2017,101132,,
ESTAT:NAMA_10_A10_E(1.0),20/01/26 23:00:00,Annual,Thousand hours worked,Real estate activities,Total employment domestic concept,Portugal,2018,111920,,
ESTAT:NAMA_10_A10_E(1.0),20/01/26 23:00:00,Annual,Thousand hours worked,Real estate activities,Total employment domestic concept,Portugal,2019,117358,,
ESTAT:NAMA_10_A10_E(1.0),20/01/26 23:00:00,Annual,Thousand hours worked,Real estate activities,Total employment domestic concept,Portugal,2020,113072,,
ESTAT:NAMA_10_A10_E(1.0),20/01/26 23:00:00,Annual,Thousand hours worked,Real estate activities,Total employment domestic concept,Portugal,2021,120939,,
ESTAT:NAMA_10_A10_E(1.0),20/01/26 23:00:00,Annual,Thousand hours worked,Real estate activities,Total employment domestic concept,Portugal,2022,135737,,
ESTAT:NAMA_10_A10_E(1.0),20/01/26 23:00:00,Annual,Thousand hours worked,Real estate activities,Total employment domestic concept,Portugal,2023,144267,,
ESTAT:NAMA_10_A10_E(1.0),20/01/26 23:00:00,Annual,Thousand hours worked,Total - all NACE activities,Total employment domestic concept,Austria,2000,6749594,,
ESTAT:NAMA_10_A10_E(1.0),20/01/26 23:00:00,Annual,Thousand hours worked,Total - all NACE activities,Total employment domestic concept,Austria,2001,6746731,,
ESTAT:NAMA_10_A10_E(1.0),20/01/26 23:00:00,Annual,Thousand hours worked,Total - all NACE activities,Total employment domestic concept,Austria,2002,6730279,,
ESTAT:NAMA_10_A10_E(1.0),20/01/26 23:00:00,Annual,Thousand hours worked,Total - all NACE activities,Total employment domestic concept,Austria,2003,6741645,,
ESTAT:NAMA_10_A10_E(1.0),20/01/26 23:00:00,Annual,Thousand hours worked,Total - all NACE activities,Total employment domestic concept,Austria,2004,6793307,,
ESTAT:NAMA_10_A10_E(1.0),20/01/26 23:00:00,Annual,Thousand hours worked,Total - all NACE activities,Total employment domestic concept,Austria,2005,6779468,,
ESTAT:NAMA_10_A10_E(1.0),20/01/26 23:00:00,Annual,Thousand hours worked,Total - all NACE activities,Total employment domestic concept,Austria,2006,6831827,,
ESTAT:NAMA_10_A10_E(1.0),20/01/26 23:00:00,Annual,Thousand hours worked,Total - all NACE activities,Total employment domestic concept,Austria,2007,6915056,,
ESTAT:NAMA_10_A10_E(1.0),20/01/26 23:00:00,Annual,Thousand hours worked,Total - all NACE activities,Total employment domestic concept,Austria,2008,7018097,,
ESTAT:NAMA_10_A10_E(1.0),20/01/26 23:00:00,Annual,Thousand hours worked,Total - all NACE activities,Total employment domestic concept,Austria,2009,6790828,,
ESTAT:NAMA_10_A10_E(1.0),20/01/26 23:00:00,Annual,Thousand hours worked,Total - all NACE activities,Total employment domestic concept,Austria,2010,6814810,,
ESTAT:NAMA_10_A10_E(1.0),20/01/26 23:00:00,Annual,Thousand hours worked,Total - all NACE activities,Total employment domestic concept,Austria,2011,6946302,,
ESTAT:NAMA_10_A10_E(1.0),20/01/26 23:00:00,Annual,Thousand hours worked,Total - all NACE activities,Total employment domestic concept,Austria,2012,6916348,,
ESTAT:NAMA_10_A10_E(1.0),20/01/26 23:00:00,Annual,Thousand hours worked,Total - all NACE activities,Total employment domestic concept,Austria,2013,6883846,,
ESTAT:NAMA_10_A10_E(1.0),20/01/26 23:00:00,Annual,Thousand hours worked,Total - all NACE activities,Total employment domestic concept,Austria,2014,6916021,,
ESTAT:NAMA_10_A10_E(1.0),20/01/26 23:00:00,Annual,Thousand hours worked,Total - all NACE activities,Total employment domestic concept,Austria,2015,6863767,,
ESTAT:NAMA_10_A10_E(1.0),20/01/26 23:00:00,Annual,Thousand hours worked,Total - all NACE activities,Total employment domestic concept,Austria,2016,7011041,,
ESTAT:NAMA_10_A10_E(1.0),20/01/26 23:00:00,Annual,Thousand hours worked,Total - all NACE activities,Total employment domestic concept,Austria,2017,7080960,,
ESTAT:NAMA_10_A10_E(1.0),20/01/26 23:00:00,Annual,Thousand hours worked,Total - all NACE activities,Total employment domestic concept,Austria,2018,7225844,,
ESTAT:NAMA_10_A10_E(1.0),20/01/26 23:00:00,Annual,Thousand hours worked,Total - all NACE activities,Total employment domestic concept,Austria,2019,7344462,,
ESTAT:NAMA_10_A10_E(1.0),20/01/26 23:00:00,Annual,Thousand hours worked,Total - all NACE activities,Total employment domestic concept,Austria,2020,6696917,,
ESTAT:NAMA_10_A10_E(1.0),20/01/26 23:00:00,Annual,Thousand hours worked,Total - all NACE activities,Total employment domestic concept,Austria,2021,7028656,,
ESTAT:NAMA_10_A10_E(1.0),20/01/26 23:00:00,Annual,Thousand hours worked,Total - all NACE activities,Total employment domestic concept,Austria,2022,7209012,,
ESTAT:NAMA_10_A10_E(1.0),20/01/26 23:00:00,Annual,Thousand hours worked,Total - all NACE activities,Total employment domestic concept,Austria,2023,7254303,,
ESTAT:NAMA_10_A10_E(1.0),20/01/26 23:00:00,Annual,Thousand hours worked,Total - all NACE activities,Total employment domestic concept,Germany,2000,58546226,,
ESTAT:NAMA_10_A10_E(1.0),20/01/26 23:00:00,Annual,Thousand hours worked,Total - all NACE activities,Total employment domestic concept,Germany,2001,58097389,,
ESTAT:NAMA_10_A10_E(1.0),20/01/26 23:00:00,Annual,Thousand hours worked,Total - all NACE activities,Total employment domestic concept,Germany,2002,57461348,,
ESTAT:NAMA_10_A10_E(1.0),20/01/26 23:00:00,Annual,Thousand hours worked,Total - all NACE activities,Total employment domestic concept,Germany,2003,56634570,,
ESTAT:NAMA_10_A10_E(1.0),20/01/26 23:00:00,Annual,Thousand hours worked,Total - all NACE activities,Total employment domestic concept,Germany,2004,56797160,,
ESTAT:NAMA_10_A10_E(1.0),20/01/26 23:00:00,Annual,Thousand hours worked,Total - all NACE activities,Total employment domestic concept,Germany,2005,56304911,,
ESTAT:NAMA_10_A10_E(1.0),20/01/26 23:00:00,Annual,Thousand hours worked,Total - all NACE activities,Total employment domestic concept,Germany,2006,57527471,,
ESTAT:NAMA_10_A10_E(1.0),20/01/26 23:00:00,Annual,Thousand hours worked,Total - all NACE activities,Total employment domestic concept,Germany,2007,58562791,,
ESTAT:NAMA_10_A10_E(1.0),20/01/26 23:00:00,Annual,Thousand hours worked,Total - all NACE activities,Total employment domestic concept,Germany,2008,59107021,,
ESTAT:NAMA_10_A10_E(1.0),20/01/26 23:00:00,Annual,Thousand hours worked,Total - all NACE activities,Total employment domestic concept,Germany,2009,57541115,,
ESTAT:NAMA_10_A10_E(1.0),20/01/26 23:00:00,Annual,Thousand hours worked,Total - all NACE activities,Total employment domestic concept,Germany,2010,58581224,,
ESTAT:NAMA_10_A10_E(1.0),20/01/26 23:00:00,Annual,Thousand hours worked,Total - all NACE activities,Total employment domestic concept,Germany,2011,59328001,,
ESTAT:NAMA_10_A10_E(1.0),20/01/26 23:00:00,Annual,Thousand hours worked,Total - all NACE activities,Total employment domestic concept,Germany,2012,59143211,,
ESTAT:NAMA_10_A10_E(1.0),20/01/26 23:00:00,Annual,Thousand hours worked,Total - all NACE activities,Total employment domestic concept,Germany,2013,59148407,,
ESTAT:NAMA_10_A10_E(1.0),20/01/26 23:00:00,Annual,Thousand hours worked,Total - all NACE activities,Total employment domestic concept,Germany,2014,59858672,,
ESTAT:NAMA_10_A10_E(1.0),20/01/26 23:00:00,Annual,Thousand hours worked,Total - all NACE activities,Total employment domestic concept,Germany,2015,60460401,,
ESTAT:NAMA_10_A10_E(1.0),20/01/26 23:00:00,Annual,Thousand hours worked,Total - all NACE activities,Total employment domestic concept,Germany,2016,60978246,,
ESTAT:NAMA_10_A10_E(1.0),20/01/26 23:00:00,Annual,Thousand hours worked,Total - all NACE activities,Total employment domestic concept,Germany,2017,61483908,,
ESTAT:NAMA_10_A10_E(1.0),20/01/26 23:00:00,Annual,Thousand hours worked,Total - all NACE activities,Total employment domestic concept,Germany,2018,61964170,,
ESTAT:NAMA_10_A10_E(1.0),20/01/26 23:00:00,Annual,Thousand hours worked,Total - all NACE activities,Total employment domestic concept,Germany,2019,62141255,,
ESTAT:NAMA_10_A10_E(1.0),20/01/26 23:00:00,Annual,Thousand hours worked,Total - all NACE activities,Total employment domestic concept,Germany,2020,59065847,,
ESTAT:NAMA_10_A10_E(1.0),20/01/26 23:00:00,Annual,Thousand hours worked,Total - all NACE activities,Total employment domestic concept,Germany,2021,60410139,,
ESTAT:NAMA_10_A10_E(1.0),20/01/26 23:00:00,Annual,Thousand hours worked,Total - all NACE activities,Total employment domestic concept,Germany,2022,61297006,p,
ESTAT:NAMA_10_A10_E(1.0),20/01/26 23:00:00,Annual,Thousand hours worked,Total - all NACE activities,Total employment domestic concept,Germany,2023,61496006,p,
ESTAT:NAMA_10_A10_E(1.0),20/01/26 23:00:00,Annual,Thousand hours worked,Total - all NACE activities,Total employment domestic concept,Spain,2000,29326206,,
ESTAT:NAMA_10_A10_E(1.0),20/01/26 23:00:00,Annual,Thousand hours worked,Total - all NACE activities,Total employment domestic concept,Spain,2001,30469189,,
ESTAT:NAMA_10_A10_E(1.0),20/01/26 23:00:00,Annual,Thousand hours worked,Total - all NACE activities,Total employment domestic concept,Spain,2002,31248173,,
ESTAT:NAMA_10_A10_E(1.0),20/01/26 23:00:00,Annual,Thousand hours worked,Total - all NACE activities,Total employment domestic concept,Spain,2003,32072816,,
ESTAT:NAMA_10_A10_E(1.0),20/01/26 23:00:00,Annual,Thousand hours worked,Total - all NACE activities,Total employment domestic concept,Spain,2004,32965055,,
ESTAT:NAMA_10_A10_E(1.0),20/01/26 23:00:00,Annual,Thousand hours worked,Total - all NACE activities,Total employment domestic concept,Spain,2005,34029987,,
ESTAT:NAMA_10_A10_E(1.0),20/01/26 23:00:00,Annual,Thousand hours worked,Total - all NACE activities,Total employment domestic concept,Spain,2006,35211548,,
ESTAT:NAMA_10_A10_E(1.0),20/01/26 23:00:00,Annual,Thousand hours worked,Total - all NACE activities,Total employment domestic concept,Spain,2007,36095061,,
ESTAT:NAMA_10_A10_E(1.0),20/01/26 23:00:00,Annual,Thousand hours worked,Total - all NACE activities,Total employment domestic concept,Spain,2008,36338856,,
ESTAT:NAMA_10_A10_E(1.0),20/01/26 23:00:00,Annual,Thousand hours worked,Total - all NACE activities,Total employment domestic concept,Spain,2009,34168083,,
ESTAT:NAMA_10_A10_E(1.0),20/01/26 23:00:00,Annual,Thousand hours worked,Total - all NACE activities,Total employment domestic concept,Spain,2010,33392886,,
ESTAT:NAMA_10_A10_E(1.0),20/01/26 23:00:00,Annual,Thousand hours worked,Total - all NACE activities,Total employment domestic concept,Spain,2011,32685721,,
ESTAT:NAMA_10_A10_E(1.0),20/01/26 23:00:00,Annual,Thousand hours worked,Total - all NACE activities,Total employment domestic concept,Spain,2012,31111891,,
ESTAT:NAMA_10_A10_E(1.0),20/01/26 23:00:00,Annual,Thousand hours worked,Total - all NACE activities,Total employment domestic concept,Spain,2013,30228796,,
ESTAT:NAMA_10_A10_E(1.0),20/01/26 23:00:00,Annual,Thousand hours worked,Total - all NACE activities,Total employment domestic concept,Spain,2014,30543000,,
ESTAT:NAMA_10_A10_E(1.0),20/01/26 23:00:00,Annual,Thousand hours worked,Total - all NACE activities,Total employment domestic concept,Spain,2015,31458249,,
ESTAT:NAMA_10_A10_E(1.0),20/01/26 23:00:00,Annual,Thousand hours worked,Total - all NACE activities,Total employment domestic concept,Spain,2016,32261468,,
ESTAT:NAMA_10_A10_E(1.0),20/01/26 23:00:00,Annual,Thousand hours worked,Total - all NACE activities,Total employment domestic concept,Spain,2017,32952217,,
ESTAT:NAMA_10_A10_E(1.0),20/01/26 23:00:00,Annual,Thousand hours worked,Total - all NACE activities,Total employment domestic concept,Spain,2018,33765616,,
ESTAT:NAMA_10_A10_E(1.0),20/01/26 23:00:00,Annual,Thousand hours worked,Total - all NACE activities,Total employment domestic concept,Spain,2019,34348535,,
ESTAT:NAMA_10_A10_E(1.0),20/01/26 23:00:00,Annual,Thousand hours worked,Total - all NACE activities,Total employment domestic concept,Spain,2020,30576946,,
ESTAT:NAMA_10_A10_E(1.0),20/01/26 23:00:00,Annual,Thousand hours worked,Total - all NACE activities,Total employment domestic concept,Spain,2021,32787923,,
ESTAT:NAMA_10_A10_E(1.0),20/01/26 23:00:00,Annual,Thousand hours worked,Total - all NACE activities,Total employment domestic concept,Spain,2022,34448678,,
ESTAT:NAMA_10_A10_E(1.0),20/01/26 23:00:00,Annual,Thousand hours worked,Total - all NACE activities,Total employment domestic concept,Spain,2023,35369626,p,
ESTAT:NAMA_10_A10_E(1.0),20/01/26 23:00:00,Annual,Thousand hours worked,Total - all NACE activities,Total employment domestic concept,Netherlands,2000,12103363,,
ESTAT:NAMA_10_A10_E(1.0),20/01/26 23:00:00,Annual,Thousand hours worked,Total - all NACE activities,Total employment domestic concept,Netherlands,2001,12260221,,
ESTAT:NAMA_10_A10_E(1.0),20/01/26 23:00:00,Annual,Thousand hours worked,Total - all NACE activities,Total employment domestic concept,Netherlands,2002,12197711,,
ESTAT:NAMA_10_A10_E(1.0),20/01/26 23:00:00,Annual,Thousand hours worked,Total - all NACE activities,Total employment domestic concept,Netherlands,2003,12054997,,
ESTAT:NAMA_10_A10_E(1.0),20/01/26 23:00:00,Annual,Thousand hours worked,Total - all NACE activities,Total employment domestic concept,Netherlands,2004,12092734,,
ESTAT:NAMA_10_A10_E(1.0),20/01/26 23:00:00,Annual,Thousand hours worked,Total - all NACE activities,Total employment domestic concept,Netherlands,2005,12053974,,
ESTAT:NAMA_10_A10_E(1.0),20/01/26 23:00:00,Annual,Thousand hours worked,Total - all NACE activities,Total employment domestic concept,Netherlands,2006,12283167,,
ESTAT:NAMA_10_A10_E(1.0),20/01/26 23:00:00,Annual,Thousand hours worked,Total - all NACE activities,Total employment domestic concept,Netherlands,2007,12634571,,
ESTAT:NAMA_10_A10_E(1.0),20/01/26 23:00:00,Annual,Thousand hours worked,Total - all NACE activities,Total employment domestic concept,Netherlands,2008,12834608,,
ESTAT:NAMA_10_A10_E(1.0),20/01/26 23:00:00,Annual,Thousand hours worked,Total - all NACE activities,Total employment domestic concept,Netherlands,2009,12646511,,
ESTAT:NAMA_10_A10_E(1.0),20/01/26 23:00:00,Annual,Thousand hours worked,Total - all NACE activities,Total employment domestic concept,Netherlands,2010,12555250,,
ESTAT:NAMA_10_A10_E(1.0),20/01/26 23:00:00,Annual,Thousand hours worked,Total - all NACE activities,Total employment domestic concept,Netherlands,2011,12661903,,
ESTAT:NAMA_10_A10_E(1.0),20/01/26 23:00:00,Annual,Thousand hours worked,Total - all NACE activities,Total employment domestic concept,Netherlands,2012,12549475,,
ESTAT:NAMA_10_A10_E(1.0),20/01/26 23:00:00,Annual,Thousand hours worked,Total - all NACE activities,Total employment domestic concept,Netherlands,2013,12439253,,
ESTAT:NAMA_10_A10_E(1.0),20/01/26 23:00:00,Annual,Thousand hours worked,Total - all NACE activities,Total employment domestic concept,Netherlands,2014,12523791,,
ESTAT:NAMA_10_A10_E(1.0),20/01/26 23:00:00,Annual,Thousand hours worked,Total - all NACE activities,Total employment domestic concept,Netherlands,2015,12623528,,
ESTAT:NAMA_10_A10_E(1.0),20/01/26 23:00:00,Annual,Thousand hours worked,Total - all NACE activities,Total employment domestic concept,Netherlands,2016,12927763,,
ESTAT:NAMA_10_A10_E(1.0),20/01/26 23:00:00,Annual,Thousand hours worked,Total - all NACE activities,Total employment domestic concept,Netherlands,2017,13228217,,
ESTAT:NAMA_10_A10_E(1.0),20/01/26 23:00:00,Annual,Thousand hours worked,Total - all NACE activities,Total employment domestic concept,Netherlands,2018,13583155,,
ESTAT:NAMA_10_A10_E(1.0),20/01/26 23:00:00,Annual,Thousand hours worked,Total - all NACE activities,Total employment domestic concept,Netherlands,2019,13943543,,
ESTAT:NAMA_10_A10_E(1.0),20/01/26 23:00:00,Annual,Thousand hours worked,Total - all NACE activities,Total employment domestic concept,Netherlands,2020,13353961,,
ESTAT:NAMA_10_A10_E(1.0),20/01/26 23:00:00,Annual,Thousand hours worked,Total - all NACE activities,Total employment domestic concept,Netherlands,2021,13974568,,
ESTAT:NAMA_10_A10_E(1.0),20/01/26 23:00:00,Annual,Thousand hours worked,Total - all NACE activities,Total employment domestic concept,Netherlands,2022,14511190,,
ESTAT:NAMA_10_A10_E(1.0),20/01/26 23:00:00,Annual,Thousand hours worked,Total - all NACE activities,Total employment domestic concept,Netherlands,2023,14710313,p,
ESTAT:NAMA_10_A10_E(1.0),20/01/26 23:00:00,Annual,Thousand hours worked,Total - all NACE activities,Total employment domestic concept,Portugal,2000,9683202,,
ESTAT:NAMA_10_A10_E(1.0),20/01/26 23:00:00,Annual,Thousand hours worked,Total - all NACE activities,Total employment domestic concept,Portugal,2001,9767341,,
ESTAT:NAMA_10_A10_E(1.0),20/01/26 23:00:00,Annual,Thousand hours worked,Total - all NACE activities,Total employment domestic concept,Portugal,2002,9769342,,
ESTAT:NAMA_10_A10_E(1.0),20/01/26 23:00:00,Annual,Thousand hours worked,Total - all NACE activities,Total employment domestic concept,Portugal,2003,9639132,,
ESTAT:NAMA_10_A10_E(1.0),20/01/26 23:00:00,Annual,Thousand hours worked,Total - all NACE activities,Total employment domestic concept,Portugal,2004,9602129,,
ESTAT:NAMA_10_A10_E(1.0),20/01/26 23:00:00,Annual,Thousand hours worked,Total - all NACE activities,Total employment domestic concept,Portugal,2005,9568468,,
ESTAT:NAMA_10_A10_E(1.0),20/01/26 23:00:00,Annual,Thousand hours worked,Total - all NACE activities,Total employment domestic concept,Portugal,2006,9546496,,
ESTAT:NAMA_10_A10_E(1.0),20/01/26 23:00:00,Annual,Thousand hours worked,Total - all NACE activities,Total employment domestic concept,Portugal,2007,9634638,,
ESTAT:NAMA_10_A10_E(1.0),20/01/26 23:00:00,Annual,Thousand hours worked,Total - all NACE activities,Total employment domestic concept,Portugal,2008,9603284,,
ESTAT:NAMA_10_A10_E(1.0),20/01/26 23:00:00,Annual,Thousand hours worked,Total - all NACE activities,Total employment domestic concept,Portugal,2009,9343718,,
ESTAT:NAMA_10_A10_E(1.0),20/01/26 23:00:00,Annual,Thousand hours worked,Total - all NACE activities,Total employment domestic concept,Portugal,2010,9224524,,
ESTAT:NAMA_10_A10_E(1.0),20/01/26 23:00:00,Annual,Thousand hours worked,Total - all NACE activities,Total employment domestic concept,Portugal,2011,8918626,,
ESTAT:NAMA_10_A10_E(1.0),20/01/26 23:00:00,Annual,Thousand hours worked,Total - all NACE activities,Total employment domestic concept,Portugal,2012,8453116,,
ESTAT:NAMA_10_A10_E(1.0),20/01/26 23:00:00,Annual,Thousand hours worked,Total - all NACE activities,Total employment domestic concept,Portugal,2013,8257205,,
ESTAT:NAMA_10_A10_E(1.0),20/01/26 23:00:00,Annual,Thousand hours worked,Total - all NACE activities,Total employment domestic concept,Portugal,2014,8421756,,
ESTAT:NAMA_10_A10_E(1.0),20/01/26 23:00:00,Annual,Thousand hours worked,Total - all NACE activities,Total employment domestic concept,Portugal,2015,8577921,,
ESTAT:NAMA_10_A10_E(1.0),20/01/26 23:00:00,Annual,Thousand hours worked,Total - all NACE activities,Total employment domestic concept,Portugal,2016,8757435,,
ESTAT:NAMA_10_A10_E(1.0),20/01/26 23:00:00,Annual,Thousand hours worked,Total - all NACE activities,Total employment domestic concept,Portugal,2017,8993236,,
ESTAT:NAMA_10_A10_E(1.0),20/01/26 23:00:00,Annual,Thousand hours worked,Total - all NACE activities,Total employment domestic concept,Portugal,2018,9261851,,
ESTAT:NAMA_10_A10_E(1.0),20/01/26 23:00:00,Annual,Thousand hours worked,Total - all NACE activities,Total employment domestic concept,Portugal,2019,9362594,,
ESTAT:NAMA_10_A10_E(1.0),20/01/26 23:00:00,Annual,Thousand hours worked,Total - all NACE activities,Total employment domestic concept,Portugal,2020,8594651,,
ESTAT:NAMA_10_A10_E(1.0),20/01/26 23:00:00,Annual,Thousand hours worked,Total - all NACE activities,Total employment domestic concept,Portugal,2021,8980701,,
ESTAT:NAMA_10_A10_E(1.0),20/01/26 23:00:00,Annual,Thousand hours worked,Total - all NACE activities,Total employment domestic concept,Portugal,2022,9536365,,
ESTAT:NAMA_10_A10_E(1.0),20/01/26 23:00:00,Annual,Thousand hours worked,Total - all NACE activities,Total employment domestic concept,Portugal,2023,9998768,,
