DATAFLOW,LAST UPDATE,freq,unit,nace_r2,na_item,geo,TIME_PERIOD,OBS_VALUE,OBS_FLAG,CONF_STATUS
ESTAT:NAMA_10_A10(1.0),20/01/26 23:00:00,Annual,"Current prices, million euro","Agriculture, forestry and fishing","Value added, gross",Austria,2000,3549.1,,
ESTAT:NAMA_10_A10(1.0),20/01/26 23:00:00,Annual,"Current prices, million euro","Agriculture, forestry and fishing","Value added, gross",Austria,2001,3747.5,,
ESTAT:NAMA_10_A10(1.0),20/01/26 23:00:00,Annual,"Current prices, million euro","Agriculture, forestry and fishing","Value added, gross",Austria,2002,3583.9,,
ESTAT:NAMA_10_A10(1.0),20/01/26 23:00:00,Annual,"Current prices, million euro","Agriculture, forestry and fishing","Value added, gross",Austria,2003,3428.0,,
ESTAT:NAMA_10_A10(1.0),20/01/26 23:00:00,Annual,"Current prices, million euro","Agriculture, forestry and fishing","Value added, gross",Austria,2004,3591.7,,
ESTAT:NAMA_10_A10(1.0),20/01/26 23:00:00,Annual,"Current prices, million euro","Agriculture, forestry and fishing","Value added, gross",Austria,2005,3236.2,,
ESTAT:NAMA_10_A10(1.0),20/01/26 23:00:00,Annual,"Current prices, million euro","Agriculture, forestry and fishing","Value added, gross",Austria,2006,3530.3,,
ESTAT:NAMA_10_A10(1.0),20/01/26 23:00:00,Annual,"Current prices, million euro","Agriculture, forestry and fishing","Value added, gross",Austria,2007,4125.8,,
ESTAT:NAMA_10_A10(1.0),20/01/26 23:00:00,Annual,"Current prices, million euro","Agriculture, forestry and fishing","Value added, gross",Austria,2008,4042.2,,
ESTAT:NAMA_10_A10(1.0),20/01/26 23:00:00,Annual,"Current prices, million euro","Agriculture, forestry and fishing","Value added, gross",Austria,2009,3368.2,,
ESTAT:NAMA_10_A10(1.0),20/01/26 23:00:00,Annual,"Current prices, million euro","Agriculture, forestry and fishing","Value added, gross",Austria,2010,3801.7,,
ESTAT:NAMA_10_A10(1.0),20/01/26 23:00:00,Annual,"Current prices, million euro","Agriculture, forestry and fishing","Value added, gross",Austria,2011,4503.3,,
ESTAT:NAMA_10_A10(1.0),20/01/26 23:00:00,Annual,"Current prices, million euro","Agriculture, forestry and fishing","Value added, gross",Austria,2012,4488.2,,
ESTAT:NAMA_10_A10(1.0),20/01/26 23:00:00,Annual,"Current prices, million euro","Agriculture, forestry and fishing","Value added, gross",Austria,2013,4104.3,,
ESTAT:NAMA_10_A10(1.0),20/01/26 23:00:00,Annual,"Current prices, million euro","Agriculture, forestry and fishing","Value added, gross",Austria,2014,4210.8,,
ESTAT:NAMA_10_A10(1.0),20/01/26 23:00:00,Annual,"Current prices, million euro","Agriculture, forestry and fishing","Value added, gross",Austria,2015,3912.2,,
ESTAT:NAMA_10_A10(1.0),20/01/26 23:00:00,Annual,"Current prices, million euro","Agriculture, forestry and fishing","Value added, gross",Austria,2016,4087.6,,
ESTAT:NAMA_10_A10(1.0),20/01/26 23:00:00,Annual,"Current prices, million euro","Agriculture, forestry and fishing","Value added, gross",Austria,2017,4407.2,,
ESTAT:NAMA_10_A10(1.0),20/01/26 23:00:00,Annual,"Current prices, million euro","Agriculture, forestry and fishing","Value added, gross",Austria,2018,4250.5,,
ESTAT:NAMA_10_A10(1.0),20/01/26 23:00:00,Annual,"Current prices, million euro","Agriculture, forestry and fishing","Value added, gross",Austria,2019,4133.7,,
ESTAT:NAMA_10_A10(1.0),20/01/26 23:00:00,Annual,"Current prices, million euro","Agriculture, forestry and fishing","Value added, gross",Austria,2020,4074.7,,
ESTAT:NAMA_10_A10(1.0),20/01/26 23:00:00,Annual,"Current prices, million euro","Agriculture, forestry and fishing","Value added, gross",Austria,2021,4936.7,,
ESTAT:NAMA_10_A10(1.0),20/01/26 23:00:00,Annual,"Current prices, million euro","Agriculture, forestry and fishing","Value added, gross",Austria,2022,6050.9,,
ESTAT:NAMA_10_A10(1.0),20/01/26 23:00:00,Annual,"Current prices, million euro","Agriculture, forestry and fishing","Value added, gross",Austria,2023,5933.6,,
ESTAT:NAMA_10_A10(1.0),20/01/26 23:00:00,Annual,"Current prices, million euro","Agriculture, forestry and fishing","Value added, gross",Germany,2000,21215.0,,
ESTAT:NAMA_10_A10(1.0),20/01/26 23:00:00,Annual,"Current prices, million euro","Agriculture, forestry and fishing","Value added, gross",Germany,2001,23785.0,,
ESTAT:NAMA_10_A10(1.0),20/01/26 23:00:00,Annual,"Current prices, million euro","Agriculture, forestry and fishing","Value added, gross",Germany,2002,20040.0,,
ESTAT:NAMA_10_A10(1.0),20/01/26 23:00:00,Annual,"Current prices, million euro","Agriculture, forestry and fishing","Value added, gross",Germany,2003,18584.0,,
ESTAT:NAMA_10_A10(1.0),20/01/26 23:00:00,Annual,"Current prices, million euro","Agriculture, forestry and fishing","Value added, gross",Germany,2004,21758.0,,
ESTAT:NAMA_10_A10(1.0),20/01/26 23:00:00,Annual,"Current prices, million euro","Agriculture, forestry and fishing","Value added, gross",Germany,2005,16886.0,,
ESTAT:NAMA_10_A10(1.0),20/01/26 23:00:00,Annual,"Current prices, million euro","Agriculture, forestry and fishing","Value added, gross",Germany,2006,17386.0,,
ESTAT:NAMA_10_A10(1.0),20/01/26 23:00:00,Annual,"Current prices, million euro","Agriculture, forestry and fishing","Value added, gross",Germany,2007,20899.0,,
ESTAT:NAMA_10_A10(1.0),20/01/26 23:00:00,Annual,"Current prices, million euro","Agriculture, forestry and fishing","Value added, gross",Germany,2008,21673.0,,
ESTAT:NAMA_10_A10(1.0),20/01/26 23:00:00,Annual,"Current prices, million euro","Agriculture, forestry and fishing","Value added, gross",Germany,2009,16720.0,,
ESTAT:NAMA_10_A10(1.0),20/01/26 23:00:00,Annual,"Current prices, million euro","Agriculture, forestry and fishing","Value added, gross",Germany,2010,20294.0,,
ESTAT:NAMA_10_A10(1.0),20/01/26 23:00:00,Annual,"Current prices, million euro","Agriculture, forestry and fishing","Value added, gross",Germany,2011,25399.0,,
ESTAT:NAMA_10_A10(1.0),20/01/26 23:00:00,Annual,"Current prices, million euro","Agriculture, forestry and fishing","Value added, gross",Germany,2012,25513.0,,
ESTAT:NAMA_10_A10(1.0),20/01/26 23:00:00,Annual,"Current prices, million euro","Agriculture, forestry and fishing","Value added, gross",Germany,2013,26576.0,,
ESTAT:NAMA_10_A10(1.0),20/01/26 23:00:00,Annual,"Current prices, million euro","Agriculture, forestry and fishing","Value added, gross",Germany,2014,27326.0,,
ESTAT:NAMA_10_A10(1.0),20/01/26 23:00:00,Annual,"Current prices, million euro","Agriculture, forestry and fishing","Value added, gross",Germany,2015,21872.0,,
ESTAT:NAMA_10_A10(1.0),20/01/26 23:00:00,Annual,"Current prices, million euro","Agriculture, forestry and fishing","Value added, gross",Germany,2016,23342.0,,
ESTAT:NAMA_10_A10(1.0),20/01/26 23:00:00,Annual,"Current prices, million euro","Agriculture, forestry and fishing","Value added, gross",Germany,2017,28665.0,,
ESTAT:NAMA_10_A10(1.0),20/01/26 23:00:00,Annual,"Current prices, million euro","Agriculture, forestry and fishing","Value added, gross",Germany,2018,25496.0,,
ESTAT:NAMA_10_A10(1.0),20/01/26 23:00:00,Annual,"Current prices, million euro","Agriculture, forestry and fishing","Value added, gross",Germany,2019,29470.0,,
ESTAT:NAMA_10_A10(1.0),20/01/26 23:00:00,Annual,"Current prices, million euro","Agriculture, forestry and fishing","Value added, gross",Germany,2020,25144.0,,
ESTAT:NAMA_10_A10(1.0),20/01/26 23:00:00,Annual,"Current prices, million euro","Agriculture, forestry and fishing","Value added, gross",Germany,2021,27761.0,,
ESTAT:NAMA_10_A10(1.0),20/01/26 23:00:00,Annual,"Current prices, million euro","Agriculture, forestry and fishing","Value added, gross",Germany,2022,39680.0,p,
ESTAT:NAMA_10_A10(1.0),20/01/26 23:00:00,Annual,"Current prices, million euro","Agriculture, forestry and fishing","Value added, gross",Germany,2023,39204.0,p,
ESTAT:NAMA_10_A10(1.0),20/01/26 23:00:00,Annual,"Current prices, million euro","Agriculture, forestry and fishing","Value added, gross",Spain,2000,24247.0,,
ESTAT:NAMA_10_A10(1.0),20/01/26 23:00:00,Annual,"Current prices, million euro","Agriculture, forestry and fishing","Value added, gross",Spain,2001,25755.0,,
ESTAT:NAMA_10_A10(1.0),20/01/26 23:00:00,Annual,"Current prices, million euro","Agriculture, forestry and fishing","Value added, gross",Spain,2002,26107.0,,
ESTAT:NAMA_10_A10(1.0),20/01/26 23:00:00,Annual,"Current prices, million euro","Agriculture, forestry and fishing","Value added, gross",Spain,2003,27458.0,,
ESTAT:NAMA_10_A10(1.0),20/01/26 23:00:00,Annual,"Current prices, million euro","Agriculture, forestry and fishing","Value added, gross",Spain,2004,26815.0,,
ESTAT:NAMA_10_A10(1.0),20/01/26 23:00:00,Annual,"Current prices, million euro","Agriculture, forestry and fishing","Value added, gross",Spain,2005,25601.0,,
ESTAT:NAMA_10_A10(1.0),20/01/26 23:00:00,Annual,"Current prices, million euro","Agriculture, forestry and fishing","Value added, gross",Spain,2006,24127.0,,
ESTAT:NAMA_10_A10(1.0),20/01/26 23:00:00,Annual,"Current prices, million euro","Agriculture, forestry and fishing","Value added, gross",Spain,2007,26881.0,,
ESTAT:NAMA_10_A10(1.0),20/01/26 23:00:00,Annual,"Current prices, million euro","Agriculture, forestry and fishing","Value added, gross",Spain,2008,26183.0,,
ESTAT:NAMA_10_A10(1.0),20/01/26 23:00:00,Annual,"Current prices, million euro","Agriculture, forestry and fishing","Value added, gross",Spain,2009,24138.0,,
ESTAT:NAMA_10_A10(1.0),20/01/26 23:00:00,Annual,"Current prices, million euro","Agriculture, forestry and fishing","Value added, gross",Spain,2010,26039.0,,
ESTAT:NAMA_10_A10(1.0),20/01/26 23:00:00,Annual,"Current prices, million euro","Agriculture, forestry and fishing","Value added, gross",Spain,2011,25248.0,,
ESTAT:NAMA_10_A10(1.0),20/01/26 23:00:00,Annual,"Current prices, million euro","Agriculture, forestry and fishing","Value added, gross",Spain,2012,24840.0,,
ESTAT:NAMA_10_A10(1.0),20/01/26 23:00:00,Annual,"Current prices, million euro","Agriculture, forestry and fishing","Value added, gross",Spain,2013,26764.0,,
ESTAT:NAMA_10_A10(1.0),20/01/26 23:00:00,Annual,"Current prices, million euro","Agriculture, forestry and fishing","Value added, gross",Spain,2014,26254.0,,
ESTAT:NAMA_10_A10(1.0),20/01/26 23:00:00,Annual,"Current prices, million euro","Agriculture, forestry and fishing","Value added, gross",Spain,2015,29605.0,,
ESTAT:NAMA_10_A10(1.0),20/01/26 23:00:00,Annual,"Current prices, million euro","Agriculture, forestry and fishing","Value added, gross",Spain,2016,31614.0,,
ESTAT:NAMA_10_A10(1.0),20/01/26 23:00:00,Annual,"Current prices, million euro","Agriculture, forestry and fishing","Value added, gross",Spain,2017,32801.0,,
ESTAT:NAMA_10_A10(1.0),20/01/26 23:00:00,Annual,"Current prices, million euro","Agriculture, forestry and fishing","Value added, gross",Spain,2018,32747.0,,
ESTAT:NAMA_10_A10(1.0),20/01/26 23:00:00,Annual,"Current prices, million euro","Agriculture, forestry and fishing","Value added, gross",Spain,2019,31591.0,,
ESTAT:NAMA_10_A10(1.0),20/01/26 23:00:00,Annual,"Current prices, million euro","Agriculture, forestry and fishing","Value added, gross",Spain,2020,31445.0,,
ESTAT:NAMA_10_A10(1.0),20/01/26 23:00:00,Annual,"Current prices, million euro","Agriculture, forestry and fishing","Value added, gross",Spain,2021,34201.0,,
ESTAT:NAMA_10_A10(1.0),20/01/26 23:00:00,Annual,"Current prices, million euro","Agriculture, forestry and fishing","Value added, gross",Spain,2022,32603.0,,
ESTAT:NAMA_10_A10(1.0),20/01/26 23:00:00,Annual,"Current prices, million euro","Agriculture, forestry and fishing","Value added, gross",Spain,2023,39035.0,p,
ESTAT:NAMA_10_A10(1.0),20/01/26 23:00:00,Annual,"Current prices, million euro","Agriculture, forestry and fishing","Value added, gross",Netherlands,2000,10449.0,,
ESTAT:NAMA_10_A10(1.0),20/01/26 23:00:00,Annual,"Current prices, million euro","Agriculture, forestry and fishing","Value added, gross",Netherlands,2001,10796.0,,
ESTAT:NAMA_10_A10(1.0),20/01/26 23:00:00,Annual,"Current prices, million euro","Agriculture, forestry and fishing","Value added, gross",Netherlands,2002,10498.0,,
ESTAT:NAMA_10_A10(1.0),20/01/26 23:00:00,Annual,"Current prices, million euro","Agriculture, forestry and fishing","Value added, gross",Netherlands,2003,10647.0,,
ESTAT:NAMA_10_A10(1.0),20/01/26 23:00:00,Annual,"Current prices, million euro","Agriculture, forestry and fishing","Value added, gross",Netherlands,2004,9965.0,,
ESTAT:NAMA_10_A10(1.0),20/01/26 23:00:00,Annual,"Current prices, million euro","Agriculture, forestry and fishing","Value added, gross",Netherlands,2005,10350.0,,
ESTAT:NAMA_10_A10(1.0),20/01/26 23:00:00,Annual,"Current prices, million euro","Agriculture, forestry and fishing","Value added, gross",Netherlands,2006,11513.0,,
ESTAT:NAMA_10_A10(1.0),20/01/26 23:00:00,Annual,"Current prices, million euro","Agriculture, forestry and fishing","Value added, gross",Netherlands,2007,11408.0,,
ESTAT:NAMA_10_A10(1.0),20/01/26 23:00:00,Annual,"Current prices, million euro","Agriculture, forestry and fishing","Value added, gross",Netherlands,2008,10762.0,,
ESTAT:NAMA_10_A10(1.0),20/01/26 23:00:00,Annual,"Current prices, million euro","Agriculture, forestry and fishing","Value added, gross",Netherlands,2009,9868.0,,
ESTAT:NAMA_10_A10(1.0),20/01/26 23:00:00,Annual,"Current prices, million euro","Agriculture, forestry and fishing","Value added, gross",Netherlands,2010,11496.0,,
ESTAT:NAMA_10_A10(1.0),20/01/26 23:00:00,Annual,"Current prices, million euro","Agriculture, forestry and fishing","Value added, gross",Netherlands,2011,10486.0,,
ESTAT:NAMA_10_A10(1.0),20/01/26 23:00:00,Annual,"Current prices, million euro","Agriculture, forestry and fishing","Value added, gross",Netherlands,2012,11170.0,,
ESTAT:NAMA_10_A10(1.0),20/01/26 23:00:00,Annual,"Current prices, million euro","Agriculture, forestry and fishing","Value added, gross",Netherlands,2013,12278.0,,
ESTAT:NAMA_10_A10(1.0),20/01/26 23:00:00,Annual,"Current prices, million euro","Agriculture, forestry and fishing","Value added, gross",Netherlands,2014,12222.0,,
ESTAT:NAMA_10_A10(1.0),20/01/26 23:00:00,Annual,"Current prices, million euro","Agriculture, forestry and fishing","Value added, gross",Netherlands,2015,12627.0,,
ESTAT:NAMA_10_A10(1.0),20/01/26 23:00:00,Annual,"Current prices, million euro","Agriculture, forestry and fishing","Value added, gross",Netherlands,2016,13424.0,,
ESTAT:NAMA_10_A10(1.0),20/01/26 23:00:00,Annual,"Current prices, million euro","Agriculture, forestry and fishing","Value added, gross",Netherlands,2017,14776.0,,
ESTAT:NAMA_10_A10(1.0),20/01/26 23:00:00,Annual,"Current prices, million euro","Agriculture, forestry and fishing","Value added, gross",Netherlands,2018,13855.0,,
ESTAT:NAMA_10_A10(1.0),20/01/26 23:00:00,Annual,"Current prices, million euro","Agriculture, forestry and fishing","Value added, gross",Netherlands,2019,14594.0,,
ESTAT:NAMA_10_A10(1.0),20/01/26 23:00:00,Annual,"Current prices, million euro","Agriculture, forestry and fishing","Value added, gross",Netherlands,2020,14185.0,,
ESTAT:NAMA_10_A10(1.0),20/01/26 23:00:00,Annual,"Current prices, million euro","Agriculture, forestry and fishing","Value added, gross",Netherlands,2021,14752.0,,
ESTAT:NAMA_10_A10(1.0),20/01/26 23:00:00,Annual,"Current prices, million euro","Agriculture, forestry and fishing","Value added, gross",Netherlands,2022,16318.0,,
ESTAT:NAMA_10_A10(1.0),20/01/26 23:00:00,Annual,"Current prices, million euro","Agriculture, forestry and fishing","Value added, gross",Netherlands,2023,18393.0,,
ESTAT:NAMA_10_A10(1.0),20/01/26 23:00:00,Annual,"Current prices, million euro","Agriculture, forestry and fishing","Value added, gross",Portugal,2000,3993.4,,
ESTAT:NAMA_10_A10(1.0),20/01/26 23:00:00,Annual,"Current prices, million euro","Agriculture, forestry and fishing","Value added, gross",Portugal,2001,4020.0,,
ESTAT:NAMA_10_A10(1.0),20/01/26 23:00:00,Annual,"Current prices, million euro","Agriculture, forestry and fishing","Value added, gross",Portugal,2002,3881.6,,
ESTAT:NAMA_10_A10(1.0),20/01/26 23:00:00,Annual,"Current prices, million euro","Agriculture, forestry and fishing","Value added, gross",Portugal,2003,3872.5,,
ESTAT:NAMA_10_A10(1.0),20/01/26 23:00:00,Annual,"Current prices, million euro","Agriculture, forestry and fishing","Value added, gross",Portugal,2004,3961.7,,
ESTAT:NAMA_10_A10(1.0),20/01/26 23:00:00,Annual,"Current prices, million euro","Agriculture, forestry and fishing","Value added, gross",Portugal,2005,3652.3,,
ESTAT:NAMA_10_A10(1.0),20/01/26 23:00:00,Annual,"Current prices, million euro","Agriculture, forestry and fishing","Value added, gross",Portugal,2006,3746.1,,
ESTAT:NAMA_10_A10(1.0),20/01/26 23:00:00,Annual,"Current prices, million euro","Agriculture, forestry and fishing","Value added, gross",Portugal,2007,3506.4,,
ESTAT:NAMA_10_A10(1.0),20/01/26 23:00:00,Annual,"Current prices, million euro","Agriculture, forestry and fishing","Value added, gross",Portugal,2008,3517.2,,
ESTAT:NAMA_10_A10(1.0),20/01/26 23:00:00,Annual,"Current prices, million euro","Agriculture, forestry and fishing","Value added, gross",Portugal,2009,3421.7,,
ESTAT:NAMA_10_A10(1.0),20/01/26 23:00:00,Annual,"Current prices, million euro","Agriculture, forestry and fishing","Value added, gross",Portugal,2010,3489.9,,
ESTAT:NAMA_10_A10(1.0),20/01/26 23:00:00,Annual,"Current prices, million euro","Agriculture, forestry and fishing","Value added, gross",Portugal,2011,3241.5,,
ESTAT:NAMA_10_A10(1.0),20/01/26 23:00:00,Annual,"Current prices, million euro","Agriculture, forestry and fishing","Value added, gross",Portugal,2012,3236.0,,
ESTAT:NAMA_10_A10(1.0),20/01/26 23:00:00,Annual,"Current prices, million euro","Agriculture, forestry and fishing","Value added, gross",Portugal,2013,3485.0,,
ESTAT:NAMA_10_A10(1.0),20/01/26 23:00:00,Annual,"Current prices, million euro","Agriculture, forestry and fishing","Value added, gross",Portugal,2014,3423.2,,
ESTAT:NAMA_10_A10(1.0),20/01/26 23:00:00,Annual,"Current prices, million euro","Agriculture, forestry and fishing","Value added, gross",Portugal,2015,3543.7,,
ESTAT:NAMA_10_A10(1.0),20/01/26 23:00:00,Annual,"Current prices, million euro","Agriculture, forestry and fishing","Value added, gross",Portugal,2016,3582.9,,
ESTAT:NAMA_10_A10(1.0),20/01/26 23:00:00,Annual,"Current prices, million euro","Agriculture, forestry and fishing","Value added, gross",Portugal,2017,3839.2,,
ESTAT:NAMA_10_A10(1.0),20/01/26 23:00:00,Annual,"Current prices, million euro","Agriculture, forestry and fishing","Value added, gross",Portugal,2018,3932.2,,
ESTAT:NAMA_10_A10(1.0),20/01/26 23:00:00,Annual,"Current prices, million euro","Agriculture, forestry and fishing","Value added, gross",Portugal,2019,4289.6,,
ESTAT:NAMA_10_A10(1.0),20/01/26 23:00:00,Annual,"Current prices, million euro","Agriculture, forestry and fishing","Value added, gross",Portugal,2020,4303.9,,
ESTAT:NAMA_10_A10(1.0),20/01/26 23:00:00,Annual,"Current prices, million euro","Agriculture, forestry and fishing","Value added, gross",Portugal,2021,4680.7,,
ESTAT:NAMA_10_A10(1.0),20/01/26 23:00:00,Annual,"Current prices, million euro","Agriculture, forestry and fishing","Value added, gross",Portugal,2022,4648.4,,
ESTAT:NAMA_10_A10(1.0),20/01/26 23:00:00,Annual,"Current prices, million euro","Agriculture, forestry and fishing","Value added, gross",Portugal,2023,5778.0,,
ESTAT:NAMA_10_A10(1.0),20/01/26 23:00:00,Annual,"Current prices, million euro",Manufacturing,"Value added, gross",Austria,2000,39776.8,,
ESTAT:NAMA_10_A10(1.0),20/01/26 23:00:00,Annual,"Current prices, million euro",Manufacturing,"Value added, gross",Austria,2001,41388.1,,
ESTAT:NAMA_10_A10(1.0),20/01/26 23:00:00,Annual,"Current prices, million euro",Manufacturing,"Value added, gross",Austria,2002,41166.2,,
ESTAT:NAMA_10_A10(1.0),20/01/26 23:00:00,Annual,"Current prices, million euro",Manufacturing,"Value added, gross",Austria,2003,41408.4,,
ESTAT:NAMA_10_A10(1.0),20/01/26 23:00:00,Annual,"Current prices, million euro",Manufacturing,"Value added, gross",Austria,2004,42821.4,,
ESTAT:NAMA_10_A10(1.0),20/01/26 23:00:00,Annual,"Current prices, million euro",Manufacturing,"Value added, gross",Austria,2005,45046.2,,
ESTAT:NAMA_10_A10(1.0),20/01/26 23:00:00,Annual,"Current prices, million euro",Manufacturing,"Value added, gross",Austria,2006,48607.8,,
ESTAT:NAMA_10_A10(1.0),20/01/26 23:00:00,Annual,"Current prices, million euro",Manufacturing,"Value added, gross",Austria,2007,52346.0,,
ESTAT:NAMA_10_A10(1.0),20/01/26 23:00:00,Annual,"Current prices, million euro",Manufacturing,"Value added, gross",Austria,2008,52216.1,,
ESTAT:NAMA_10_A10(1.0),20/01/26 23:00:00,Annual,"Current prices, million euro",Manufacturing,"Value added, gross",Austria,2009,48152.9,,
ESTAT:NAMA_10_A10(1.0),20/01/26 23:00:00,Annual,"Current prices, million euro",Manufacturing,"Value added, gross",Austria,2010,50031.6,,
ESTAT:NAMA_10_A10(1.0),20/01/26 23:00:00,Annual,"Current prices, million euro",Manufacturing,"Value added, gross",Austria,2011,52834.2,,
ESTAT:NAMA_10_A10(1.0),20/01/26 23:00:00,Annual,"Current prices, million euro",Manufacturing,"Value added, gross",Austria,2012,54632.2,,
ESTAT:NAMA_10_A10(1.0),20/01/26 23:00:00,Annual,"Current prices, million euro",Manufacturing,"Value added, gross",Austria,2013,54944.3,,
ESTAT:NAMA_10_A10(1.0),20/01/26 23:00:00,Annual,"Current prices, million euro",Manufacturing,"Value added, gross",Austria,2014,56735.9,,
ESTAT:NAMA_10_A10(1.0),20/01/26 23:00:00,Annual,"Current prices, million euro",Manufacturing,"Value added, gross",Austria,2015,58985.2,,
ESTAT:NAMA_10_A10(1.0),20/01/26 23:00:00,Annual,"Current prices, million euro",Manufacturing,"Value added, gross",Austria,2016,62839.8,,
ESTAT:NAMA_10_A10(1.0),20/01/26 23:00:00,Annual,"Current prices, million euro",Manufacturing,"Value added, gross",Austria,2017,64066.2,,
ESTAT:NAMA_10_A10(1.0),20/01/26 23:00:00,Annual,"Current prices, million euro",Manufacturing,"Value added, gross",Austria,2018,66380.5,,
ESTAT:NAMA_10_A10(1.0),20/01/26 23:00:00,Annual,"Current prices, million euro",Manufacturing,"Value added, gross",Austria,2019,67674.9,,
ESTAT:NAMA_10_A10(1.0),20/01/26 23:00:00,Annual,"Current prices, million euro",Manufacturing,"Value added, gross",Austria,2020,63122.6,,
ESTAT:NAMA_10_A10(1.0),20/01/26 23:00:00,Annual,"Current prices, million euro",Manufacturing,"Value added, gross",Austria,2021,68975.9,,
ESTAT:NAMA_10_A10(1.0),20/01/26 23:00:00,Annual,"Current prices, million euro",Manufacturing,"Value added, gross",Austria,2022,74829.2,,
ESTAT:NAMA_10_A10(1.0),20/01/26 23:00:00,Annual,"Current prices, million euro",Manufacturing,"Value added, gross",Austria,2023,76173.9,,
ESTAT:NAMA_10_A10(1.0),20/01/26 23:00:00,Annual,"Current prices, million euro",Manufacturing,"Value added, gross",Germany,2000,431981.0,,
ESTAT:NAMA_10_A10(1.0),20/01/26 23:00:00,Annual,"Current prices, million euro",Manufacturing,"Value added, gross",Germany,2001,441002.0,,
ESTAT:NAMA_10_A10(1.0),20/01/26 23:00:00,Annual,"Current prices, million euro",Manufacturing,"Value added, gross",Germany,2002,433029.0,,
ESTAT:NAMA_10_A10(1.0),20/01/26 23:00:00,Annual,"Current prices, million euro",Manufacturing,"Value added, gross",Germany,2003,438145.0,,
ESTAT:NAMA_10_A10(1.0),20/01/26 23:00:00,Annual,"Current prices, million euro",Manufacturing,"Value added, gross",Germany,2004,453784.0,,
ESTAT:NAMA_10_A10(1.0),20/01/26 23:00:00,Annual,"Current prices, million euro",Manufacturing,"Value added, gross",Germany,2005,459778.0,,
ESTAT:NAMA_10_A10(1.0),20/01/26 23:00:00,Annual,"Current prices, million euro",Manufacturing,"Value added, gross",Germany,2006,493457.0,,
ESTAT:NAMA_10_A10(1.0),20/01/26 23:00:00,Annual,"Current prices, million euro",Manufacturing,"Value added, gross",Germany,2007,521915.0,,
ESTAT:NAMA_10_A10(1.0),20/01/26 23:00:00,Annual,"Current prices, million euro",Manufacturing,"Value added, gross",Germany,2008,511603.0,,
ESTAT:NAMA_10_A10(1.0),20/01/26 23:00:00,Annual,"Current prices, million euro",Manufacturing,"Value added, gross",Germany,2009,432427.0,,
ESTAT:NAMA_10_A10(1.0),20/01/26 23:00:00,Annual,"Current prices, million euro",Manufacturing,"Value added, gross",Germany,2010,508085.0,,
ESTAT:NAMA_10_A10(1.0),20/01/26 23:00:00,Annual,"Current prices, million euro",Manufacturing,"Value added, gross",Germany,2011,552758.0,,
ESTAT:NAMA_10_A10(1.0),20/01/26 23:00:00,Annual,"Current prices, million euro",Manufacturing,"Value added, gross",Germany,2012,561180.0,,
ESTAT:NAMA_10_A10(1.0),20/01/26 23:00:00,Annual,"Current prices, million euro",Manufacturing,"Value added, gross",Germany,2013,566418.0,,
ESTAT:NAMA_10_A10(1.0),20/01/26 23:00:00,Annual,"Current prices, million euro",Manufacturing,"Value added, gross",Germany,2014,600184.0,,
ESTAT:NAMA_10_A10(1.0),20/01/26 23:00:00,Annual,"Current prices, million euro",Manufacturing,"Value added, gross",Germany,2015,621665.0,,
ESTAT:NAMA_10_A10(1.0),20/01/26 23:00:00,Annual,"Current prices, million euro",Manufacturing,"Value added, gross",Germany,2016,652239.0,,
ESTAT:NAMA_10_A10(1.0),20/01/26 23:00:00,Annual,"Current prices, million euro",Manufacturing,"Value added, gross",Germany,2017,669711.0,,
ESTAT:NAMA_10_A10(1.0),20/01/26 23:00:00,Annual,"Current prices, million euro",Manufacturing,"Value added, gross",Germany,2018,680125.0,,
ESTAT:NAMA_10_A10(1.0),20/01/26 23:00:00,Annual,"Current prices, million euro",Manufacturing,"Value added, gross",Germany,2019,683030.0,,
ESTAT:NAMA_10_A10(1.0),20/01/26 23:00:00,Annual,"Current prices, million euro",Manufacturing,"Value added, gross",Germany,2020,639332.0,,
ESTAT:NAMA_10_A10(1.0),20/01/26 23:00:00,Annual,"Current prices, million euro",Manufacturing,"Value added, gross",Germany,2021,683907.0,,
ESTAT:NAMA_10_A10(1.0),20/01/26 23:00:00,Annual,"Current prices, million euro",Manufacturing,"Value added, gross",Germany,2022,730927.0,p,
ESTAT:NAMA_10_A10(1.0),20/01/26 23:00:00,Annual,"Current prices, million euro",Manufacturing,"Value added, gross",Germany,2023,799148.0,p,
ESTAT:NAMA_10_A10(1.0),20/01/26 23:00:00,Annual,"Current prices, million euro",Manufacturing,"Value added, gross",Spain,2000,105341.0,,
ESTAT:NAMA_10_A10(1.0),20/01/26 23:00:00,Annual,"Current prices, million euro",Manufacturing,"Value added, gross",Spain,2001,110960.0,,
ESTAT:NAMA_10_A10(1.0),20/01/26 23:00:00,Annual,"Current prices, million euro",Manufacturing,"Value added, gross",Spain,2002,113885.0,,
ESTAT:NAMA_10_A10(1.0),20/01/26 23:00:00,Annual,"Current prices, million euro",Manufacturing,"Value added, gross",Spain,2003,117206.0,,
ESTAT:NAMA_10_A10(1.0),20/01/26 23:00:00,Annual,"Current prices, million euro",Manufacturing,"Value added, gross",Spain,2004,120560.0,,
ESTAT:NAMA_10_A10(1.0),20/01/26 23:00:00,Annual,"Current prices, million euro",Manufacturing,"Value added, gross",Spain,2005,125316.0,,
ESTAT:NAMA_10_A10(1.0),20/01/26 23:00:00,Annual,"Current prices, million euro",Manufacturing,"Value added, gross",Spain,2006,131369.0,,
ESTAT:NAMA_10_A10(1.0),20/01/26 23:00:00,Annual,"Current prices, million euro",Manufacturing,"Value added, gross",Spain,2007,135843.0,,
ESTAT:NAMA_10_A10(1.0),20/01/26 23:00:00,Annual,"Current prices, million euro",Manufacturing,"Value added, gross",Spain,2008,137888.0,,
ESTAT:NAMA_10_A10(1.0),20/01/26 23:00:00,Annual,"Current prices, million euro",Manufacturing,"Value added, gross",Spain,2009,121547.0,,
ESTAT:NAMA_10_A10(1.0),20/01/26 23:00:00,Annual,"Current prices, million euro",Manufacturing,"Value added, gross",Spain,2010,119716.0,,
ESTAT:NAMA_10_A10(1.0),20/01/26 23:00:00,Annual,"Current prices, million euro",Manufacturing,"Value added, gross",Spain,2011,119709.0,,
ESTAT:NAMA_10_A10(1.0),20/01/26 23:00:00,Annual,"Current prices, million euro",Manufacturing,"Value added, gross",Spain,2012,112007.0,,
ESTAT:NAMA_10_A10(1.0),20/01/26 23:00:00,Annual,"Current prices, million euro",Manufacturing,"Value added, gross",Spain,2013,111450.0,,
ESTAT:NAMA_10_A10(1.0),20/01/26 23:00:00,Annual,"Current prices, million euro",Manufacturing,"Value added, gross",Spain,2014,114259.0,,
ESTAT:NAMA_10_A10(1.0),20/01/26 23:00:00,Annual,"Current prices, million euro",Manufacturing,"Value added, gross",Spain,2015,119732.0,,
ESTAT:NAMA_10_A10(1.0),20/01/26 23:00:00,Annual,"Current prices, million euro",Manufacturing,"Value added, gross",Spain,2016,122996.0,,
ESTAT:NAMA_10_A10(1.0),20/01/26 23:00:00,Annual,"Current prices, million euro",Manufacturing,"Value added, gross",Spain,2017,130043.0,,
ESTAT:NAMA_10_A10(1.0),20/01/26 23:00:00,Annual,"Current prices, million euro",Manufacturing,"Value added, gross",Spain,2018,130788.0,,
ESTAT:NAMA_10_A10(1.0),20/01/26 23:00:00,Annual,"Current prices, million euro",Manufacturing,"Value added, gross",Spain,2019,134106.0,,
ESTAT:NAMA_10_A10(1.0),20/01/26 23:00:00,Annual,"Current prices, million euro",Manufacturing,"Value added, gross",Spain,2020,122556.0,,
ESTAT:NAMA_10_A10(1.0),20/01/26 23:00:00,Annual,"Current prices, million euro",Manufacturing,"Value added, gross",Spain,2021,139066.0,,
ESTAT:NAMA_10_A10(1.0),20/01/26 23:00:00,Annual,"Current prices, million euro",Manufacturing,"Value added, gross",Spain,2022,151730.0,,
ESTAT:NAMA_10_A10(1.0),20/01/26 23:00:00,Annual,"Current prices, million euro",Manufacturing,"Value added, gross",Spain,2023,164020.0,p,
ESTAT:NAMA_10_A10(1.0),20/01/26 23:00:00,Annual,"Current prices, million euro",Manufacturing,"Value added, gross",Netherlands,2000,57479.0,,
ESTAT:NAMA_10_A10(1.0),20/01/26 23:00:00,Annual,"Current prices, million euro",Manufacturing,"Value added, gross",Netherlands,2001,60442.0,,
ESTAT:NAMA_10_A10(1.0),20/01/26 23:00:00,Annual,"Current prices, million euro",Manufacturing,"Value added, gross",Netherlands,2002,59889.0,,
ESTAT:NAMA_10_A10(1.0),20/01/26 23:00:00,Annual,"Current prices, million euro",Manufacturing,"Value added, gross",Netherlands,2003,58978.0,,
ESTAT:NAMA_10_A10(1.0),20/01/26 23:00:00,Annual,"Current prices, million euro",Manufacturing,"Value added, gross",Netherlands,2004,61334.0,,
ESTAT:NAMA_10_A10(1.0),20/01/26 23:00:00,Annual,"Current prices, million euro",Manufacturing,"Value added, gross",Netherlands,2005,64117.0,,
ESTAT:NAMA_10_A10(1.0),20/01/26 23:00:00,Annual,"Current prices, million euro",Manufacturing,"Value added, gross",Netherlands,2006,66057.0,,
ESTAT:NAMA_10_A10(1.0),20/01/26 23:00:00,Annual,"Current prices, million euro",Manufacturing,"Value added, gross",Netherlands,2007,70622.0,,
ESTAT:NAMA_10_A10(1.0),20/01/26 23:00:00,Annual,"Current prices, million euro",Manufacturing,"Value added, gross",Netherlands,2008,70346.0,,
ESTAT:NAMA_10_A10(1.0),20/01/26 23:00:00,Annual,"Current prices, million euro",Manufacturing,"Value added, gross",Netherlands,2009,61992.0,,
ESTAT:NAMA_10_A10(1.0),20/01/26 23:00:00,Annual,"Current prices, million euro",Manufacturing,"Value added, gross",Netherlands,2010,62837.0,,
ESTAT:NAMA_10_A10(1.0),20/01/26 23:00:00,Annual,"Current prices, million euro",Manufacturing,"Value added, gross",Netherlands,2011,66266.0,,
ESTAT:NAMA_10_A10(1.0),20/01/26 23:00:00,Annual,"Current prices, million euro",Manufacturing,"Value added, gross",Netherlands,2012,66223.0,,
ESTAT:NAMA_10_A10(1.0),20/01/26 23:00:00,Annual,"Current prices, million euro",Manufacturing,"Value added, gross",Netherlands,2013,64215.0,,
ESTAT:NAMA_10_A10(1.0),20/01/26 23:00:00,Annual,"Current prices, million euro",Manufacturing,"Value added, gross",Netherlands,2014,65571.0,,
ESTAT:NAMA_10_A10(1.0),20/01/26 23:00:00,Annual,"Current prices, million euro",Manufacturing,"Value added, gross",Netherlands,2015,70958.0,,
ESTAT:NAMA_10_A10(1.0),20/01/26 23:00:00,Annual,"Current prices, million euro",Manufacturing,"Value added, gross",Netherlands,2016,73940.0,,
ESTAT:NAMA_10_A10(1.0),20/01/26 23:00:00,Annual,"Current prices, million euro",Manufacturing,"Value added, gross",Netherlands,2017,79216.0,,
ESTAT:NAMA_10_A10(1.0),20/01/26 23:00:00,Annual,"Current prices, million euro",Manufacturing,"Value added, gross",Netherlands,2018,83919.0,,
ESTAT:NAMA_10_A10(1.0),20/01/26 23:00:00,Annual,"Current prices, million euro",Manufacturing,"Value added, gross",Netherlands,2019,86468.0,,
ESTAT:NAMA_10_A10(1.0),20/01/26 23:00:00,Annual,"Current prices, million euro",Manufacturing,"Value added, gross",Netherlands,2020,85598.0,,
ESTAT:NAMA_10_A10(1.0),20/01/26 23:00:00,Annual,"Current prices, million euro",Manufacturing,"Value added, gross",Netherlands,2021,95886.0,,
ESTAT:NAMA_10_A10(1.0),20/01/26 23:00:00,Annual,"Current prices, million euro",Manufacturing,"Value added, gross",Netherlands,2022,102836.0,,
ESTAT:NAMA_10_A10(1.0),20/01/26 23:00:00,Annual,"Current prices, million euro",Manufacturing,"Value added, gross",Netherlands,2023,109965.0,,
ESTAT:NAMA_10_A10(1.0),20/01/26 23:00:00,Annual,"Current prices, million euro",Manufacturing,"Value added, gross",Portugal,2000,19325.5,,
ESTAT:NAMA_10_A10(1.0),20/01/26 23:00:00,Annual,"Current prices, million euro",Manufacturing,"Value added, gross",Portugal,2001,19928.9,,
ESTAT:NAMA_10_A10(1.0),20/01/26 23:00:00,Annual,"Current prices, million euro",Manufacturing,"Value added, gross",Portugal,2002,20235.1,,
ESTAT:NAMA_10_A10(1.0),20/01/26 23:00:00,Annual,"Current prices, million euro",Manufacturing,"Value added, gross",Portugal,2003,19684.6,,
ESTAT:NAMA_10_A10(1.0),20/01/26 23:00:00,Annual,"Current prices, million euro",Manufacturing,"Value added, gross",Portugal,2004,19872.5,,
ESTAT:NAMA_10_A10(1.0),20/01/26 23:00:00,Annual,"Current prices, million euro",Manufacturing,"Value added, gross",Portugal,2005,19925.0,,
ESTAT:NAMA_10_A10(1.0),20/01/26 23:00:00,Annual,"Current prices, million euro",Manufacturing,"Value added, gross",Portugal,2006,20521.9,,
ESTAT:NAMA_10_A10(1.0),20/01/26 23:00:00,Annual,"Current prices, million euro",Manufacturing,"Value added, gross",Portugal,2007,21485.5,,
ESTAT:NAMA_10_A10(1.0),20/01/26 23:00:00,Annual,"Current prices, million euro",Manufacturing,"Value added, gross",Portugal,2008,21316.2,,
ESTAT:NAMA_10_A10(1.0),20/01/26 23:00:00,Annual,"Current prices, million euro",Manufacturing,"Value added, gross",Portugal,2009,19529.4,,
ESTAT:NAMA_10_A10(1.0),20/01/26 23:00:00,Annual,"Current prices, million euro",Manufacturing,"Value added, gross",Portugal,2010,20837.1,,
ESTAT:NAMA_10_A10(1.0),20/01/26 23:00:00,Annual,"Current prices, million euro",Manufacturing,"Value added, gross",Portugal,2011,19974.7,,
ESTAT:NAMA_10_A10(1.0),20/01/26 23:00:00,Annual,"Current prices, million euro",Manufacturing,"Value added, gross",Portugal,2012,19171.8,,
ESTAT:NAMA_10_A10(1.0),20/01/26 23:00:00,Annual,"Current prices, million euro",Manufacturing,"Value added, gross",Portugal,2013,19739.0,,
ESTAT:NAMA_10_A10(1.0),20/01/26 23:00:00,Annual,"Current prices, million euro",Manufacturing,"Value added, gross",Portugal,2014,20507.9,,
ESTAT:NAMA_10_A10(1.0),20/01/26 23:00:00,Annual,"Current prices, million euro",Manufacturing,"Value added, gross",Portugal,2015,21978.0,,
ESTAT:NAMA_10_A10(1.0),20/01/26 23:00:00,Annual,"Current prices, million euro",Manufacturing,"Value added, gross",Portugal,2016,22819.6,,
ESTAT:NAMA_10_A10(1.0),20/01/26 23:00:00,Annual,"Current prices, million euro",Manufacturing,"Value added, gross",Portugal,2017,24303.6,,
ESTAT:NAMA_10_A10(1.0),20/01/26 23:00:00,Annual,"Current prices, million euro",Manufacturing,"Value added, gross",Portugal,2018,25260.1,,
ESTAT:NAMA_10_A10(1.0),20/01/26 23:00:00,Annual,"Current prices, million euro",Manufacturing,"Value added, gross",Portugal,2019,25605.3,,
ESTAT:NAMA_10_A10(1.0),20/01/26 23:00:00,Annual,"Current prices, million euro",Manufacturing,"Value added, gross",Portugal,2020,24304.9,,
ESTAT:NAMA_10_A10(1.0),20/01/26 23:00:00,Annual,"Current prices, million euro",Manufacturing,"Value added, gross",Portugal,2021,26938.2,,
ESTAT:NAMA_10_A10(1.0),20/01/26 23:00:00,Annual,"Current prices, million euro",Manufacturing,"Value added, gross",Portugal,2022,30402.6,,
ESTAT:NAMA_10_A10(1.0),20/01/26 23:00:00,Annual,"Current prices, million euro",Manufacturing,"Value added, gross",Portugal,2023,32661.2,,
ESTAT:NAMA_10_A10(1.0),20/01/26 23:00:00,Annual,"Current prices, million euro",Construction,"Value added, gross",Austria,2000,13936.0,,
ESTAT:NAMA_10_A10(1.0),20/01/26 23:00:00,Annual,"Current prices, million euro",Construction,"Value added, gross",Austria,2001,13595.9,,
ESTAT:NAMA_10_A10(1.0),20/01/26 23:00:00,Annual,"Current prices, million euro",Construction,"Value added, gross",Austria,2002,13690.9,,
ESTAT:NAMA_10_A10(1.0),20/01/26 23:00:00,Annual,"Current prices, million euro",Construction,"Value added, gross",Austria,2003,14615.4,,
ESTAT:NAMA_10_A10(1.0),20/01/26 23:00:00,Annual,"Current prices, million euro",Construction,"Value added, gross",Austria,2004,15087.6,,
ESTAT:NAMA_10_A10(1.0),20/01/26 23:00:00,Annual,"Current prices, million euro",Construction,"Value added, gross",Austria,2005,15293.3,,
ESTAT:NAMA_10_A10(1.0),20/01/26 23:00:00,Annual,"Current prices, million euro",Construction,"Value added, gross",Austria,2006,15540.5,,
ESTAT:NAMA_10_A10(1.0),20/01/26 23:00:00,Annual,"Current prices, million euro",Construction,"Value added, gross",Austria,2007,16913.4,,
ESTAT:NAMA_10_A10(1.0),20/01/26 23:00:00,Annual,"Current prices, million euro",Construction,"Value added, gross",Austria,2008,17901.0,,
ESTAT:NAMA_10_A10(1.0),20/01/26 23:00:00,Annual,"Current prices, million euro",Construction,"Value added, gross",Austria,2009,17409.9,,
ESTAT:NAMA_10_A10(1.0),20/01/26 23:00:00,Annual,"Current prices, million euro",Construction,"Value added, gross",Austria,2010,16797.8,,
ESTAT:NAMA_10_A10(1.0),20/01/26 23:00:00,Annual,"Current prices, million euro",Construction,"Value added, gross",Austria,2011,16768.6,,
ESTAT:NAMA_10_A10(1.0),20/01/26 23:00:00,Annual,"Current prices, million euro",Construction,"Value added, gross",Austria,2012,17471.7,,
ESTAT:NAMA_10_A10(1.0),20/01/26 23:00:00,Annual,"Current prices, million euro",Construction,"Value added, gross",Austria,2013,18080.9,,
ESTAT:NAMA_10_A10(1.0),20/01/26 23:00:00,Annual,"Current prices, million euro",Construction,"Value added, gross",Austria,2014,18500.9,,
ESTAT:NAMA_10_A10(1.0),20/01/26 23:00:00,Annual,"Current prices, million euro",Construction,"Value added, gross",Austria,2015,18846.3,,
ESTAT:NAMA_10_A10(1.0),20/01/26 23:00:00,Annual,"Current prices, million euro",Construction,"Value added, gross",Austria,2016,19653.4,,
ESTAT:NAMA_10_A10(1.0),20/01/26 23:00:00,Annual,"Current prices, million euro",Construction,"Value added, gross",Austria,2017,20873.1,,
ESTAT:NAMA_10_A10(1.0),20/01/26 23:00:00,Annual,"Current prices, million euro",Construction,"Value added, gross",Austria,2018,22084.0,,
ESTAT:NAMA_10_A10(1.0),20/01/26 23:00:00,Annual,"Current prices, million euro",Construction,"Value added, gross",Austria,2019,22949.8,,
ESTAT:NAMA_10_A10(1.0),20/01/26 23:00:00,Annual,"Current prices, million euro",Construction,"Value added, gross",Austria,2020,23778.8,,
ESTAT:NAMA_10_A10(1.0),20/01/26 23:00:00,Annual,"Current prices, million euro",Construction,"Value added, gross",Austria,2021,24531.2,,
ESTAT:NAMA_10_A10(1.0),20/01/26 23:00:00,Annual,"Current prices, million euro",Construction,"Value added, gross",Austria,2022,26422.3,,
ESTAT:NAMA_10_A10(1.0),20/01/26 23:00:00,Annual,"Current prices, million euro",Construction,"Value added, gross",Austria,2023,28395.0,,
ESTAT:NAMA_10_A10(1.0),20/01/26 23:00:00,Annual,"Current prices, million euro",Construction,"Value added, gross",Germany,2000,96972.0,,
ESTAT:NAMA_10_A10(1.0),20/01/26 23:00:00,Annual,"Current prices, million euro",Construction,"Value added, gross",Germany,2001,91986.0,,
ESTAT:NAMA_10_A10(1.0),20/01/26 23:00:00,Annual,"Current prices, million euro",Construction,"Value added, gross",Germany,2002,87922.0,,
ESTAT:NAMA_10_A10(1.0),20/01/26 23:00:00,Annual,"Current prices, million euro",Construction,"Value added, gross",Germany,2003,84137.0,,
ESTAT:NAMA_10_A10(1.0),20/01/26 23:00:00,Annual,"Current prices, million euro",Construction,"Value added, gross",Germany,2004,81661.0,,
ESTAT:NAMA_10_A10(1.0),20/01/26 23:00:00,Annual,"Current prices, million euro",Construction,"Value added, gross",Germany,2005,78899.0,,
ESTAT:NAMA_10_A10(1.0),20/01/26 23:00:00,Annual,"Current prices, million euro",Construction,"Value added, gross",Germany,2006,81514.0,,
ESTAT:NAMA_10_A10(1.0),20/01/26 23:00:00,Annual,"Current prices, million euro",Construction,"Value added, gross",Germany,2007,85545.0,,
ESTAT:NAMA_10_A10(1.0),20/01/26 23:00:00,Annual,"Current prices, million euro",Construction,"Value added, gross",Germany,2008,88250.0,,
ESTAT:NAMA_10_A10(1.0),20/01/26 23:00:00,Annual,"Current prices, million euro",Construction,"Value added, gross",Germany,2009,89402.0,,
ESTAT:NAMA_10_A10(1.0),20/01/26 23:00:00,Annual,"Current prices, million euro",Construction,"Value added, gross",Germany,2010,94401.0,,
ESTAT:NAMA_10_A10(1.0),20/01/26 23:00:00,Annual,"Current prices, million euro",Construction,"Value added, gross",Germany,2011,100001.0,,
ESTAT:NAMA_10_A10(1.0),20/01/26 23:00:00,Annual,"Current prices, million euro",Construction,"Value added, gross",Germany,2012,104485.0,,
ESTAT:NAMA_10_A10(1.0),20/01/26 23:00:00,Annual,"Current prices, million euro",Construction,"Value added, gross",Germany,2013,107809.0,,
ESTAT:NAMA_10_A10(1.0),20/01/26 23:00:00,Annual,"Current prices, million euro",Construction,"Value added, gross",Germany,2014,111828.0,,
ESTAT:NAMA_10_A10(1.0),20/01/26 23:00:00,Annual,"Current prices, million euro",Construction,"Value added, gross",Germany,2015,113982.0,,
ESTAT:NAMA_10_A10(1.0),20/01/26 23:00:00,Annual,"Current prices, million euro",Construction,"Value added, gross",Germany,2016,120757.0,,
ESTAT:NAMA_10_A10(1.0),20/01/26 23:00:00,Annual,"Current prices, million euro",Construction,"Value added, gross",Germany,2017,127357.0,,
ESTAT:NAMA_10_A10(1.0),20/01/26 23:00:00,Annual,"Current prices, million euro",Construction,"Value added, gross",Germany,2018,137055.0,,
ESTAT:NAMA_10_A10(1.0),20/01/26 23:00:00,Annual,"Current prices, million euro",Construction,"Value added, gross",Germany,2019,143419.0,,
ESTAT:NAMA_10_A10(1.0),20/01/26 23:00:00,Annual,"Current prices, million euro",Construction,"Value added, gross",Germany,2020,154717.0,,
ESTAT:NAMA_10_A10(1.0),20/01/26 23:00:00,Annual,"Current prices, million euro",Construction,"Value added, gross",Germany,2021,162155.0,,
ESTAT:NAMA_10_A10(1.0),20/01/26 23:00:00,Annual,"Current prices, million euro",Construction,"Value added, gross",Germany,2022,173942.0,p,
ESTAT:NAMA_10_A10(1.0),20/01/26 23:00:00,Annual,"Current prices, million euro",Construction,"Value added, gross",Germany,2023,187208.0,p,
ESTAT:NAMA_10_A10(1.0),20/01/26 23:00:00,Annual,"Current prices, million euro",Construction,"Value added, gross",Spain,2000,59618.0,,
ESTAT:NAMA_10_A10(1.0),20/01/26 23:00:00,Annual,"Current prices, million euro",Construction,"Value added, gross",Spain,2001,67550.0,,
ESTAT:NAMA_10_A10(1.0),20/01/26 23:00:00,Annual,"Current prices, million euro",Construction,"Value added, gross",Spain,2002,75008.0,,
ESTAT:NAMA_10_A10(1.0),20/01/26 23:00:00,Annual,"Current prices, million euro",Construction,"Value added, gross",Spain,2003,81851.0,,
ESTAT:NAMA_10_A10(1.0),20/01/26 23:00:00,Annual,"Current prices, million euro",Construction,"Value added, gross",Spain,2004,88836.0,,
ESTAT:NAMA_10_A10(1.0),20/01/26 23:00:00,Annual,"Current prices, million euro",Construction,"Value added, gross",Spain,2005,100903.0,,
ESTAT:NAMA_10_A10(1.0),20/01/26 23:00:00,Annual,"Current prices, million euro",Construction,"Value added, gross",Spain,2006,111572.0,,
ESTAT:NAMA_10_A10(1.0),20/01/26 23:00:00,Annual,"Current prices, million euro",Construction,"Value added, gross",Spain,2007,116462.0,,
ESTAT:NAMA_10_A10(1.0),20/01/26 23:00:00,Annual,"Current prices, million euro",Construction,"Value added, gross",Spain,2008,118569.0,,
ESTAT:NAMA_10_A10(1.0),20/01/26 23:00:00,Annual,"Current prices, million euro",Construction,"Value added, gross",Spain,2009,110029.0,,
ESTAT:NAMA_10_A10(1.0),20/01/26 23:00:00,Annual,"Current prices, million euro",Construction,"Value added, gross",Spain,2010,89685.0,,
ESTAT:NAMA_10_A10(1.0),20/01/26 23:00:00,Annual,"Current prices, million euro",Construction,"Value added, gross",Spain,2011,75556.0,,
ESTAT:NAMA_10_A10(1.0),20/01/26 23:00:00,Annual,"Current prices, million euro",Construction,"Value added, gross",Spain,2012,64407.0,,
ESTAT:NAMA_10_A10(1.0),20/01/26 23:00:00,Annual,"Current prices, million euro",Construction,"Value added, gross",Spain,2013,55533.0,,
ESTAT:NAMA_10_A10(1.0),20/01/26 23:00:00,Annual,"Current prices, million euro",Construction,"Value added, gross",Spain,2014,55390.0,,
ESTAT:NAMA_10_A10(1.0),20/01/26 23:00:00,Annual,"Current prices, million euro",Construction,"Value added, gross",Spain,2015,58924.0,,
ESTAT:NAMA_10_A10(1.0),20/01/26 23:00:00,Annual,"Current prices, million euro",Construction,"Value added, gross",Spain,2016,61744.0,,
ESTAT:NAMA_10_A10(1.0),20/01/26 23:00:00,Annual,"Current prices, million euro",Construction,"Value added, gross",Spain,2017,64233.0,,
ESTAT:NAMA_10_A10(1.0),20/01/26 23:00:00,Annual,"Current prices, million euro",Construction,"Value added, gross",Spain,2018,67144.0,,
ESTAT:NAMA_10_A10(1.0),20/01/26 23:00:00,Annual,"Current prices, million euro",Construction,"Value added, gross",Spain,2019,73774.0,,
ESTAT:NAMA_10_A10(1.0),20/01/26 23:00:00,Annual,"Current prices, million euro",Construction,"Value added, gross",Spain,2020,63700.0,,
ESTAT:NAMA_10_A10(1.0),20/01/26 23:00:00,Annual,"Current prices, million euro",Construction,"Value added, gross",Spain,2021,65544.0,,
ESTAT:NAMA_10_A10(1.0),20/01/26 23:00:00,Annual,"Current prices, million euro",Construction,"Value added, gross",Spain,2022,73065.0,,
ESTAT:NAMA_10_A10(1.0),20/01/26 23:00:00,Annual,"Current prices, million euro",Construction,"Value added, gross",Spain,2023,78819.0,p,
ESTAT:NAMA_10_A10(1.0),20/01/26 23:00:00,Annual,"Current prices, million euro",Construction,"Value added, gross",Netherlands,2000,21482.0,,
ESTAT:NAMA_10_A10(1.0),20/01/26 23:00:00,Annual,"Current prices, million euro",Construction,"Value added, gross",Netherlands,2001,23523.0,,
ESTAT:NAMA_10_A10(1.0),20/01/26 23:00:00,Annual,"Current prices, million euro",Construction,"Value added, gross",Netherlands,2002,24770.0,,
ESTAT:NAMA_10_A10(1.0),20/01/26 23:00:00,Annual,"Current prices, million euro",Construction,"Value added, gross",Netherlands,2003,24837.0,,
ESTAT:NAMA_10_A10(1.0),20/01/26 23:00:00,Annual,"Current prices, million euro",Construction,"Value added, gross",Netherlands,2004,25118.0,,
ESTAT:NAMA_10_A10(1.0),20/01/26 23:00:00,Annual,"Current prices, million euro",Construction,"Value added, gross",Netherlands,2005,26482.0,,
ESTAT:NAMA_10_A10(1.0),20/01/26 23:00:00,Annual,"Current prices, million euro",Construction,"Value added, gross",Netherlands,2006,28306.0,,
ESTAT:NAMA_10_A10(1.0),20/01/26 23:00:00,Annual,"Current prices, million euro",Construction,"Value added, gross",Netherlands,2007,30813.0,,
ESTAT:NAMA_10_A10(1.0),20/01/26 23:00:00,Annual,"Current prices, million euro",Construction,"Value added, gross",Netherlands,2008,33104.0,,
ESTAT:NAMA_10_A10(1.0),20/01/26 23:00:00,Annual,"Current prices, million euro",Construction,"Value added, gross",Netherlands,2009,33394.0,,
ESTAT:NAMA_10_A10(1.0),20/01/26 23:00:00,Annual,"Current prices, million euro",Construction,"Value added, gross",Netherlands,2010,29984.0,,
ESTAT:NAMA_10_A10(1.0),20/01/26 23:00:00,Annual,"Current prices, million euro",Construction,"Value added, gross",Netherlands,2011,29686.0,,
ESTAT:NAMA_10_A10(1.0),20/01/26 23:00:00,Annual,"Current prices, million euro",Construction,"Value added, gross",Netherlands,2012,27183.0,,
ESTAT:NAMA_10_A10(1.0),20/01/26 23:00:00,Annual,"Current prices, million euro",Construction,"Value added, gross",Netherlands,2013,25598.0,,
ESTAT:NAMA_10_A10(1.0),20/01/26 23:00:00,Annual,"Current prices, million euro",Construction,"Value added, gross",Netherlands,2014,25828.0,,
ESTAT:NAMA_10_A10(1.0),20/01/26 23:00:00,Annual,"Current prices, million euro",Construction,"Value added, gross",Netherlands,2015,26128.0,,
ESTAT:NAMA_10_A10(1.0),20/01/26 23:00:00,Annual,"Current prices, million euro",Construction,"Value added, gross",Netherlands,2016,28180.0,,
ESTAT:NAMA_10_A10(1.0),20/01/26 23:00:00,Annual,"Current prices, million euro",Construction,"Value added, gross",Netherlands,2017,29966.0,,
ESTAT:NAMA_10_A10(1.0),20/01/26 23:00:00,Annual,"Current prices, million euro",Construction,"Value added, gross",Netherlands,2018,32629.0,,
ESTAT:NAMA_10_A10(1.0),20/01/26 23:00:00,Annual,"Current prices, million euro",Construction,"Value added, gross",Netherlands,2019,36247.0,,
ESTAT:NAMA_10_A10(1.0),20/01/26 23:00:00,Annual,"Current prices, million euro",Construction,"Value added, gross",Netherlands,2020,38666.0,,
ESTAT:NAMA_10_A10(1.0),20/01/26 23:00:00,Annual,"Current prices, million euro",Construction,"Value added, gross",Netherlands,2021,41332.0,,
ESTAT:NAMA_10_A10(1.0),20/01/26 23:00:00,Annual,"Current prices, million euro",Construction,"Value added, gross",Netherlands,2022,43981.0,,
ESTAT:NAMA_10_A10(1.0),20/01/26 23:00:00,Annual,"Current prices, million euro",Construction,"Value added, gross",Netherlands,2023,48484.0,,
ESTAT:NAMA_10_A10(1.0),20/01/26 23:00:00,Annual,"Current prices, million euro",Construction,"Value added, gross",Portugal,2000,8602.8,,
ESTAT:NAMA_10_A10(1.0),20/01/26 23:00:00,Annual,"Current prices, million euro",Construction,"Value added, gross",Portugal,2001,9226.6,,
ESTAT:NAMA_10_A10(1.0),20/01/26 23:00:00,Annual,"Current prices, million euro",Construction,"Value added, gross",Portugal,2002,9479.4,,
ESTAT:NAMA_10_A10(1.0),20/01/26 23:00:00,Annual,"Current prices, million euro",Construction,"Value added, gross",Portugal,2003,9157.8,,
ESTAT:NAMA_10_A10(1.0),20/01/26 23:00:00,Annual,"Current prices, million euro",Construction,"Value added, gross",Portugal,2004,9465.0,,
ESTAT:NAMA_10_A10(1.0),20/01/26 23:00:00,Annual,"Current prices, million euro",Construction,"Value added, gross",Portugal,2005,9538.3,,
ESTAT:NAMA_10_A10(1.0),20/01/26 23:00:00,Annual,"Current prices, million euro",Construction,"Value added, gross",Portugal,2006,9682.1,,
ESTAT:NAMA_10_A10(1.0),20/01/26 23:00:00,Annual,"Current prices, million euro",Construction,"Value added, gross",Portugal,2007,10291.2,,
ESTAT:NAMA_10_A10(1.0),20/01/26 23:00:00,Annual,"Current prices, million euro",Construction,"Value added, gross",Portugal,2008,10528.8,,
ESTAT:NAMA_10_A10(1.0),20/01/26 23:00:00,Annual,"Current prices, million euro",Construction,"Value added, gross",Portugal,2009,9767.9,,
ESTAT:NAMA_10_A10(1.0),20/01/26 23:00:00,Annual,"Current prices, million euro",Construction,"Value added, gross",Portugal,2010,9244.9,,
ESTAT:NAMA_10_A10(1.0),20/01/26 23:00:00,Annual,"Current prices, million euro",Construction,"Value added, gross",Portugal,2011,8484.3,,
ESTAT:NAMA_10_A10(1.0),20/01/26 23:00:00,Annual,"Current prices, million euro",Construction,"Value added, gross",Portugal,2012,7173.9,,
ESTAT:NAMA_10_A10(1.0),20/01/26 23:00:00,Annual,"Current prices, million euro",Construction,"Value added, gross",Portugal,2013,6773.0,,
ESTAT:NAMA_10_A10(1.0),20/01/26 23:00:00,Annual,"Current prices, million euro",Construction,"Value added, gross",Portugal,2014,6304.4,,
ESTAT:NAMA_10_A10(1.0),20/01/26 23:00:00,Annual,"Current prices, million euro",Construction,"Value added, gross",Portugal,2015,6398.1,,
ESTAT:NAMA_10_A10(1.0),20/01/26 23:00:00,Annual,"Current prices, million euro",Construction,"Value added, gross",Portugal,2016,6523.8,,
ESTAT:NAMA_10_A10(1.0),20/01/26 23:00:00,Annual,"Current prices, million euro",Construction,"Value added, gross",Portugal,2017,6920.3,,
ESTAT:NAMA_10_A10(1.0),20/01/26 23:00:00,Annual,"Current prices, million euro",Construction,"Value added, gross",Portugal,2018,7541.1,,
ESTAT:NAMA_10_A10(1.0),20/01/26 23:00:00,Annual,"Current prices, million euro",Construction,"Value added, gross",Portugal,2019,8151.7,,
ESTAT:NAMA_10_A10(1.0),20/01/26 23:00:00,Annual,"Current prices, million euro",Construction,"Value added, gross",Portugal,2020,8352.2,,
ESTAT:NAMA_10_A10(1.0),20/01/26 23:00:00,Annual,"Current prices, million euro",Construction,"Value added, gross",Portugal,2021,8695.7,,
ESTAT:NAMA_10_A10(1.0),20/01/26 23:00:00,Annual,"Current prices, million euro",Construction,"Value added, gross",Portugal,2022,10048.2,,
ESTAT:NAMA_10_A10(1.0),20/01/26 23:00:00,Annual,"Current prices, million euro",Construction,"Value added, gross",Portugal,2023,11547.6,,
ESTAT:NAMA_10_A10(1.0),20/01/26 23:00:00,Annual,"Current prices, million euro",Information and communication,"Value added, gross",Austria,2000,6437.3,,
ESTAT:NAMA_10_A10(1.0),20/01/26 23:00:00,Annual,"Current prices, million euro",Information and communication,"Value added, gross",Austria,2001,7445.8,,
ESTAT:NAMA_10_A10(1.0),20/01/26 23:00:00,Annual,"Current prices, million euro",Information and communication,"Value added, gross",Austria,2002,7850.4,,
ESTAT:NAMA_10_A10(1.0),20/01/26 23:00:00,Annual,"Current prices, million euro",Information and communication,"Value added, gross",Austria,2003,8055.4,,
ESTAT:NAMA_10_A10(1.0),20/01/26 23:00:00,Annual,"Current prices, million euro",Information and communication,"Value added, gross",Austria,2004,7869.5,,
ESTAT:NAMA_10_A10(1.0),20/01/26 23:00:00,Annual,"Current prices, million euro",Information and communication,"Value added, gross",Austria,2005,8206.5,,
ESTAT:NAMA_10_A10(1.0),20/01/26 23:00:00,Annual,"Current prices, million euro",Information and communication,"Value added, gross",Austria,2006,8474.9,,
ESTAT:NAMA_10_A10(1.0),20/01/26 23:00:00,Annual,"Current prices, million euro",Information and communication,"Value added, gross",Austria,2007,8617.3,,
ESTAT:NAMA_10_A10(1.0),20/01/26 23:00:00,Annual,"Current prices, million euro",Information and communication,"Value added, gross",Austria,2008,8853.1,,
ESTAT:NAMA_10_A10(1.0),20/01/26 23:00:00,Annual,"Current prices, million euro",Information and communication,"Value added, gross",Austria,2009,8583.9,,
ESTAT:NAMA_10_A10(1.0),20/01/26 23:00:00,Annual,"Current prices, million euro",Information and communication,"Value added, gross",Austria,2010,8609.0,,
ESTAT:NAMA_10_A10(1.0),20/01/26 23:00:00,Annual,"Current prices, million euro",Information and communication,"Value added, gross",Austria,2011,9336.8,,
ESTAT:NAMA_10_A10(1.0),20/01/26 23:00:00,Annual,"Current prices, million euro",Information and communication,"Value added, gross",Austria,2012,9514.5,,
ESTAT:NAMA_10_A10(1.0),20/01/26 23:00:00,Annual,"Current prices, million euro",Information and communication,"Value added, gross",Austria,2013,9906.7,,
ESTAT:NAMA_10_A10(1.0),20/01/26 23:00:00,Annual,"Current prices, million euro",Information and communication,"Value added, gross",Austria,2014,10467.4,,
ESTAT:NAMA_10_A10(1.0),20/01/26 23:00:00,Annual,"Current prices, million euro",Information and communication,"Value added, gross",Austria,2015,10827.7,,
ESTAT:NAMA_10_A10(1.0),20/01/26 23:00:00,Annual,"Current prices, million euro",Information and communication,"Value added, gross",Austria,2016,11630.0,,
ESTAT:NAMA_10_A10(1.0),20/01/26 23:00:00,Annual,"Current prices, million euro",Information and communication,"Value added, gross",Austria,2017,11869.0,,
ESTAT:NAMA_10_A10(1.0),20/01/26 23:00:00,Annual,"Current prices, million euro",Information and communication,"Value added, gross",Austria,2018,12896.5,,
ESTAT:NAMA_10_A10(1.0),20/01/26 23:00:00,Annual,"Current prices, million euro",Information and communication,"Value added, gross",Austria,2019,13689.9,,
ESTAT:NAMA_10_A10(1.0),20/01/26 23:00:00,Annual,"Current prices, million euro",Information and communication,"Value added, gross",Austria,2020,13703.2,,
ESTAT:NAMA_10_A10(1.0),20/01/26 23:00:00,Annual,"Current prices, million euro",Information and communication,"Value added, gross",Austria,2021,15276.3,,
ESTAT:NAMA_10_A10(1.0),20/01/26 23:00:00,Annual,"Current prices, million euro",Information and communication,"Value added, gross",Austria,2022,15865.8,,
ESTAT:NAMA_10_A10(1.0),20/01/26 23:00:00,Annual,"Current prices, million euro",Information and communication,"Value added, gross",Austria,2023,16885.9,,
ESTAT:NAMA_10_A10(1.0),20/01/26 23:00:00,Annual,"Current prices, million euro",Information and communication,"Value added, gross",Germany,2000,88773.0,,
ESTAT:NAMA_10_A10(1.0),20/01/26 23:00:00,Annual,"Current prices, million euro",Information and communication,"Value added, gross",Germany,2001,97122.0,,
ESTAT:NAMA_10_A10(1.0),20/01/26 23:00:00,Annual,"Current prices, million euro",Information and communication,"Value added, gross",Germany,2002,99656.0,,
ESTAT:NAMA_10_A10(1.0),20/01/26 23:00:00,Annual,"Current prices, million euro",Information and communication,"Value added, gross",Germany,2003,91980.0,,
ESTAT:NAMA_10_A10(1.0),20/01/26 23:00:00,Annual,"Current prices, million euro",Information and communication,"Value added, gross",Germany,2004,98624.0,,
ESTAT:NAMA_10_A10(1.0),20/01/26 23:00:00,Annual,"Current prices, million euro",Information and communication,"Value added, gross",Germany,2005,97866.0,,
ESTAT:NAMA_10_A10(1.0),20/01/26 23:00:00,Annual,"Current prices, million euro",Information and communication,"Value added, gross",Germany,2006,103816.0,,
ESTAT:NAMA_10_A10(1.0),20/01/26 23:00:00,Annual,"Current prices, million euro",Information and communication,"Value added, gross",Germany,2007,109219.0,,
ESTAT:NAMA_10_A10(1.0),20/01/26 23:00:00,Annual,"Current prices, million euro",Information and communication,"Value added, gross",Germany,2008,108572.0,,
ESTAT:NAMA_10_A10(1.0),20/01/26 23:00:00,Annual,"Current prices, million euro",Information and communication,"Value added, gross",Germany,2009,103915.0,,
ESTAT:NAMA_10_A10(1.0),20/01/26 23:00:00,Annual,"Current prices, million euro",Information and communication,"Value added, gross",Germany,2010,101827.0,,
ESTAT:NAMA_10_A10(1.0),20/01/26 23:00:00,Annual,"Current prices, million euro",Information and communication,"Value added, gross",Germany,2011,111020.0,,
ESTAT:NAMA_10_A10(1.0),20/01/26 23:00:00,Annual,"Current prices, million euro",Information and communication,"Value added, gross",Germany,2012,115349.0,,
ESTAT:NAMA_10_A10(1.0),20/01/26 23:00:00,Annual,"Current prices, million euro",Information and communication,"Value added, gross",Germany,2013,120807.0,,
ESTAT:NAMA_10_A10(1.0),20/01/26 23:00:00,Annual,"Current prices, million euro",Information and communication,"Value added, gross",Germany,2014,125427.0,,
ESTAT:NAMA_10_A10(1.0),20/01/26 23:00:00,Annual,"Current prices, million euro",Information and communication,"Value added, gross",Germany,2015,128329.0,,
ESTAT:NAMA_10_A10(1.0),20/01/26 23:00:00,Annual,"Current prices, million euro",Information and communication,"Value added, gross",Germany,2016,129800.0,,
ESTAT:NAMA_10_A10(1.0),20/01/26 23:00:00,Annual,"Current prices, million euro",Information and communication,"Value added, gross",Germany,2017,137066.0,,
ESTAT:NAMA_10_A10(1.0),20/01/26 23:00:00,Annual,"Current prices, million euro",Information and communication,"Value added, gross",Germany,2018,148381.0,,
ESTAT:NAMA_10_A10(1.0),20/01/26 23:00:00,Annual,"Current prices, million euro",Information and communication,"Value added, gross",Germany,2019,155567.0,,
ESTAT:NAMA_10_A10(1.0),20/01/26 23:00:00,Annual,"Current prices, million euro",Information and communication,"Value added, gross",Germany,2020,155462.0,,
ESTAT:NAMA_10_A10(1.0),20/01/26 23:00:00,Annual,"Current prices, million euro",Information and communication,"Value added, gross",Germany,2021,167800.0,,
ESTAT:NAMA_10_A10(1.0),20/01/26 23:00:00,Annual,"Current prices, million euro",Information and communication,"Value added, gross",Germany,2022,168244.0,p,
ESTAT:NAMA_10_A10(1.0),20/01/26 23:00:00,Annual,"Current prices, million euro",Information and communication,"Value added, gross",Germany,2023,185650.0,p,
ESTAT:NAMA_10_A10(1.0),20/01/26 23:00:00,Annual,"Current prices, million euro",Information and communication,"Value added, gross",Spain,2000,26074.0,,
ESTAT:NAMA_10_A10(1.0),20/01/26 23:00:00,Annual,"Current prices, million euro",Information and communication,"Value added, gross",Spain,2001,28567.0,,
ESTAT:NAMA_10_A10(1.0),20/01/26 23:00:00,Annual,"Current prices, million euro",Information and communication,"Value added, gross",Spain,2002,31371.0,,
ESTAT:NAMA_10_A10(1.0),20/01/26 23:00:00,Annual,"Current prices, million euro",Information and communication,"Value added, gross",Spain,2003,33128.0,,
ESTAT:NAMA_10_A10(1.0),20/01/26 23:00:00,Annual,"Current prices, million euro",Information and communication,"Value added, gross",Spain,2004,34498.0,,
ESTAT:NAMA_10_A10(1.0),20/01/26 23:00:00,Annual,"Current prices, million euro",Information and communication,"Value added, gross",Spain,2005,36299.0,,
ESTAT:NAMA_10_A10(1.0),20/01/26 23:00:00,Annual,"Current prices, million euro",Information and communication,"Value added, gross",Spain,2006,37893.0,,
ESTAT:NAMA_10_A10(1.0),20/01/26 23:00:00,Annual,"Current prices, million euro",Information and communication,"Value added, gross",Spain,2007,39890.0,,
ESTAT:NAMA_10_A10(1.0),20/01/26 23:00:00,Annual,"Current prices, million euro",Information and communication,"Value added, gross",Spain,2008,41022.0,,
ESTAT:NAMA_10_A10(1.0),20/01/26 23:00:00,Annual,"Current prices, million euro",Information and communication,"Value added, gross",Spain,2009,41188.0,,
ESTAT:NAMA_10_A10(1.0),20/01/26 23:00:00,Annual,"Current prices, million euro",Information and communication,"Value added, gross",Spain,2010,39693.0,,
ESTAT:NAMA_10_A10(1.0),20/01/26 23:00:00,Annual,"Current prices, million euro",Information and communication,"Value added, gross",Spain,2011,38594.0,,
ESTAT:NAMA_10_A10(1.0),20/01/26 23:00:00,Annual,"Current prices, million euro",Information and communication,"Value added, gross",Spain,2012,37527.0,,
ESTAT:NAMA_10_A10(1.0),20/01/26 23:00:00,Annual,"Current prices, million euro",Information and communication,"Value added, gross",Spain,2013,36647.0,,
ESTAT:NAMA_10_A10(1.0),20/01/26 23:00:00,Annual,"Current prices, million euro",Information and communication,"Value added, gross",Spain,2014,35981.0,,
ESTAT:NAMA_10_A10(1.0),20/01/26 23:00:00,Annual,"Current prices, million euro",Information and communication,"Value added, gross",Spain,2015,36794.0,,
ESTAT:NAMA_10_A10(1.0),20/01/26 23:00:00,Annual,"Current prices, million euro",Information and communication,"Value added, gross",Spain,2016,37624.0,,
ESTAT:NAMA_10_A10(1.0),20/01/26 23:00:00,Annual,"Current prices, million euro",Information and communication,"Value added, gross",Spain,2017,39885.0,,
ESTAT:NAMA_10_A10(1.0),20/01/26 23:00:00,Annual,"Current prices, million euro",Information and communication,"Value added, gross",Spain,2018,40648.0,,
ESTAT:NAMA_10_A10(1.0),20/01/26 23:00:00,Annual,"Current prices, million euro",Information and communication,"Value added, gross",Spain,2019,42675.0,,
ESTAT:NAMA_10_A10(1.0),20/01/26 23:00:00,Annual,"Current prices, million euro",Information and communication,"Value added, gross",Spain,2020,40487.0,,
ESTAT:NAMA_10_A10(1.0),20/01/26 23:00:00,Annual,"Current prices, million euro",Information and communication,"Value added, gross",Spain,2021,43558.0,,
ESTAT:NAMA_10_A10(1.0),20/01/26 23:00:00,Annual,"Current prices, million euro",Information and communication,"Value added, gross",Spain,2022,49632.0,,
ESTAT:NAMA_10_A10(1.0),20/01/26 23:00:00,Annual,"Current prices, million euro",Information and communication,"Value added, gross",Spain,2023,55845.0,p,
ESTAT:NAMA_10_A10(1.0),20/01/26 23:00:00,Annual,"Current prices, million euro",Information and communication,"Value added, gross",Netherlands,2000,18133.0,,
ESTAT:NAMA_10_A10(1.0),20/01/26 23:00:00,Annual,"Current prices, million euro",Information and communication,"Value added, gross",Netherlands,2001,20294.0,,
ESTAT:NAMA_10_A10(1.0),20/01/26 23:00:00,Annual,"Current prices, million euro",Information and communication,"Value added, gross",Netherlands,2002,21821.0,,
ESTAT:NAMA_10_A10(1.0),20/01/26 23:00:00,Annual,"Current prices, million euro",Information and communication,"Value added, gross",Netherlands,2003,23083.0,,
ESTAT:NAMA_10_A10(1.0),20/01/26 23:00:00,Annual,"Current prices, million euro",Information and communication,"Value added, gross",Netherlands,2004,23458.0,,
ESTAT:NAMA_10_A10(1.0),20/01/26 23:00:00,Annual,"Current prices, million euro",Information and communication,"Value added, gross",Netherlands,2005,24355.0,,
ESTAT:NAMA_10_A10(1.0),20/01/26 23:00:00,Annual,"Current prices, million euro",Information and communication,"Value added, gross",Netherlands,2006,25794.0,,
ESTAT:NAMA_10_A10(1.0),20/01/26 23:00:00,Annual,"Current prices, million euro",Information and communication,"Value added, gross",Netherlands,2007,28276.0,,
ESTAT:NAMA_10_A10(1.0),20/01/26 23:00:00,Annual,"Current prices, million euro",Information and communication,"Value added, gross",Netherlands,2008,28914.0,,
ESTAT:NAMA_10_A10(1.0),20/01/26 23:00:00,Annual,"Current prices, million euro",Information and communication,"Value added, gross",Netherlands,2009,27626.0,,
ESTAT:NAMA_10_A10(1.0),20/01/26 23:00:00,Annual,"Current prices, million euro",Information and communication,"Value added, gross",Netherlands,2010,27843.0,,
ESTAT:NAMA_10_A10(1.0),20/01/26 23:00:00,Annual,"Current prices, million euro",Information and communication,"Value added, gross",Netherlands,2011,27886.0,,
ESTAT:NAMA_10_A10(1.0),20/01/26 23:00:00,Annual,"Current prices, million euro",Information and communication,"Value added, gross",Netherlands,2012,27633.0,,
ESTAT:NAMA_10_A10(1.0),20/01/26 23:00:00,Annual,"Current prices, million euro",Information and communication,"Value added, gross",Netherlands,2013,27602.0,,
ESTAT:NAMA_10_A10(1.0),20/01/26 23:00:00,Annual,"Current prices, million euro",Information and communication,"Value added, gross",Netherlands,2014,27924.0,,
ESTAT:NAMA_10_A10(1.0),20/01/26 23:00:00,Annual,"Current prices, million euro",Information and communication,"Value added, gross",Netherlands,2015,28817.0,,
ESTAT:NAMA_10_A10(1.0),20/01/26 23:00:00,Annual,"Current prices, million euro",Information and communication,"Value added, gross",Netherlands,2016,30005.0,,
ESTAT:NAMA_10_A10(1.0),20/01/26 23:00:00,Annual,"Current prices, million euro",Information and communication,"Value added, gross",Netherlands,2017,31006.0,,
ESTAT:NAMA_10_A10(1.0),20/01/26 23:00:00,Annual,"Current prices, million euro",Information and communication,"Value added, gross",Netherlands,2018,32358.0,,
ESTAT:NAMA_10_A10(1.0),20/01/26 23:00:00,Annual,"Current prices, million euro",Information and communication,"Value added, gross",Netherlands,2019,34452.0,,
ESTAT:NAMA_10_A10(1.0),20/01/26 23:00:00,Annual,"Current prices, million euro",Information and communication,"Value added, gross",Netherlands,2020,36960.0,,
ESTAT:NAMA_10_A10(1.0),20/01/26 23:00:00,Annual,"Current prices, million euro",Information and communication,"Value added, gross",Netherlands,2021,39019.0,,
ESTAT:NAMA_10_A10(1.0),20/01/26 23:00:00,Annual,"Current prices, million euro",Information and communication,"Value added, gross",Netherlands,2022,44323.0,,
ESTAT:NAMA_10_A10(1.0),20/01/26 23:00:00,Annual,"Current prices, million euro",Information and communication,"Value added, gross",Netherlands,2023,47186.0,,
ESTAT:NAMA_10_A10(1.0),20/01/26 23:00:00,Annual,"Current prices, million euro",Information and communication,"Value added, gross",Portugal,2000,4046.3,,
ESTAT:NAMA_10_A10(1.0),20/01/26 23:00:00,Annual,"Current prices, million euro",Information and communication,"Value added, gross",Portugal,2001,4422.4,,
ESTAT:NAMA_10_A10(1.0),20/01/26 23:00:00,Annual,"Current prices, million euro",Information and communication,"Value added, gross",Portugal,2002,4768.9,,
ESTAT:NAMA_10_A10(1.0),20/01/26 23:00:00,Annual,"Current prices, million euro",Information and communication,"Value added, gross",Portugal,2003,4893.6,,
ESTAT:NAMA_10_A10(1.0),20/01/26 23:00:00,Annual,"Current prices, million euro",Information and communication,"Value added, gross",Portugal,2004,5163.0,,
ESTAT:NAMA_10_A10(1.0),20/01/26 23:00:00,Annual,"Current prices, million euro",Information and communication,"Value added, gross",Portugal,2005,5341.4,,
ESTAT:NAMA_10_A10(1.0),20/01/26 23:00:00,Annual,"Current prices, million euro",Information and communication,"Value added, gross",Portugal,2006,5587.1,,
ESTAT:NAMA_10_A10(1.0),20/01/26 23:00:00,Annual,"Current prices, million euro",Information and communication,"Value added, gross",Portugal,2007,5798.7,,
ESTAT:NAMA_10_A10(1.0),20/01/26 23:00:00,Annual,"Current prices, million euro",Information and communication,"Value added, gross",Portugal,2008,5976.7,,
ESTAT:NAMA_10_A10(1.0),20/01/26 23:00:00,Annual,"Current prices, million euro",Information and communication,"Value added, gross",Portugal,2009,5984.7,,
ESTAT:NAMA_10_A10(1.0),20/01/26 23:00:00,Annual,"Current prices, million euro",Information and communication,"Value added, gross",Portugal,2010,5646.8,,
ESTAT:NAMA_10_A10(1.0),20/01/26 23:00:00,Annual,"Current prices, million euro",Information and communication,"Value added, gross",Portugal,2011,5629.3,,
ESTAT:NAMA_10_A10(1.0),20/01/26 23:00:00,Annual,"Current prices, million euro",Information and communication,"Value added, gross",Portugal,2012,5374.5,,
ESTAT:NAMA_10_A10(1.0),20/01/26 23:00:00,Annual,"Current prices, million euro",Information and communication,"Value added, gross",Portugal,2013,5197.8,,
ESTAT:NAMA_10_A10(1.0),20/01/26 23:00:00,Annual,"Current prices, million euro",Information and communication,"Value added, gross",Portugal,2014,5160.8,,
ESTAT:NAMA_10_A10(1.0),20/01/26 23:00:00,Annual,"Current prices, million euro",Information and communication,"Value added, gross",Portugal,2015,5317.1,,
ESTAT:NAMA_10_A10(1.0),20/01/26 23:00:00,Annual,"Current prices, million euro",Information and communication,"Value added, gross",Portugal,2016,5660.3,,
ESTAT:NAMA_10_A10(1.0),20/01/26 23:00:00,Annual,"Current prices, million euro",Information and communication,"Value added, gross",Portugal,2017,5946.9,,
ESTAT:NAMA_10_A10(1.0),20/01/26 23:00:00,Annual,"Current prices, million euro",Information and communication,"Value added, gross",Portugal,2018,6375.7,,
ESTAT:NAMA_10_A10(1.0),20/01/26 23:00:00,Annual,"Current prices, million euro",Information and communication,"Value added, gross",Portugal,2019,7140.6,,
ESTAT:NAMA_10_A10(1.0),20/01/26 23:00:00,Annual,"Current prices, million euro",Information and communication,"Value added, gross",Portugal,2020,7782.4,,
ESTAT:NAMA_10_A10(1.0),20/01/26 23:00:00,Annual,"Current prices, million euro",Information and communication,"Value added, gross",Portugal,2021,8499.8,,
ESTAT:NAMA_10_A10(1.0),20/01/26 23:00:00,Annual,"Current prices, million euro",Information and communication,"Value added, gross",Portugal,2022,10019.8,,
ESTAT:NAMA_10_A10(1.0),20/01/26 23:00:00,Annual,"Current prices, million euro",Information and communication,"Value added, gross",Portugal,2023,11230.9,,
ESTAT:NAMA_10_A10(1.0),20/01/26 23:00:00,Annual,"Current prices, million euro",Financial and insurance activities,"Value added, gross",Austria,2000,10450.7,,
ESTAT:NAMA_10_A10(1.0),20/01/26 23:00:00,Annual,"Current prices, million euro",Financial and insurance activities,"Value added, gross",Austria,2001,10064.8,,
ESTAT:NAMA_10_A10(1.0),20/01/26 23:00:00,Annual,"Current prices, million euro",Financial and insurance activities,"Value added, gross",Austria,2002,10252.6,,
ESTAT:NAMA_10_A10(1.0),20/01/26 23:00:00,Annual,"Current prices, million euro",Financial and insurance activities,"Value added, gross",Austria,2003,10204.9,,
ESTAT:NAMA_10_A10(1.0),20/01/26 23:00:00,Annual,"Current prices, million euro",Financial and insurance activities,"Value added, gross",Austria,2004,10536.6,,
ESTAT:NAMA_10_A10(1.0),20/01/26 23:00:00,Annual,"Current prices, million euro",Financial and insurance activities,"Value added, gross",Austria,2005,11017.5,,
ESTAT:NAMA_10_A10(1.0),20/01/26 23:00:00,Annual,"Current prices, million euro",Financial and insurance activities,"Value added, gross",Austria,2006,11986.0,,
ESTAT:NAMA_10_A10(1.0),20/01/26 23:00:00,Annual,"Current prices, million euro",Financial and insurance activities,"Value added, gross",Austria,2007,13143.4,,
ESTAT:NAMA_10_A10(1.0),20/01/26 23:00:00,Annual,"Current prices, million euro",Financial and insurance activities,"Value added, gross",Austria,2008,13344.1,,
ESTAT:NAMA_10_A10(1.0),20/01/26 23:00:00,Annual,"Current prices, million euro",Financial and insurance activities,"Value added, gross",Austria,2009,11957.3,,
ESTAT:NAMA_10_A10(1.0),20/01/26 23:00:00,Annual,"Current prices, million euro",Financial and insurance activities,"Value added, gross",Austria,2010,12014.4,,
ESTAT:NAMA_10_A10(1.0),20/01/26 23:00:00,Annual,"Current prices, million euro",Financial and insurance activities,"Value added, gross",Austria,2011,12933.4,,
ESTAT:NAMA_10_A10(1.0),20/01/26 23:00:00,Annual,"Current prices, million euro",Financial and insurance activities,"Value added, gross",Austria,2012,12301.8,,
ESTAT:NAMA_10_A10(1.0),20/01/26 23:00:00,Annual,"Current prices, million euro",Financial and insurance activities,"Value added, gross",Austria,2013,12861.4,,
ESTAT:NAMA_10_A10(1.0),20/01/26 23:00:00,Annual,"Current prices, million euro",Financial and insurance activities,"Value added, gross",Austria,2014,12969.1,,
ESTAT:NAMA_10_A10(1.0),20/01/26 23:00:00,Annual,"Current prices, million euro",Financial and insurance activities,"Value added, gross",Austria,2015,13499.8,,
ESTAT:NAMA_10_A10(1.0),20/01/26 23:00:00,Annual,"Current prices, million euro",Financial and insurance activities,"Value added, gross",Austria,2016,13242.6,,
ESTAT:NAMA_10_A10(1.0),20/01/26 23:00:00,Annual,"Current prices, million euro",Financial and insurance activities,"Value added, gross",Austria,2017,13764.6,,
ESTAT:NAMA_10_A10(1.0),20/01/26 23:00:00,Annual,"Current prices, million euro",Financial and insurance activities,"Value added, gross",Austria,2018,14217.4,,
ESTAT:NAMA_10_A10(1.0),20/01/26 23:00:00,Annual,"Current prices, million euro",Financial and insurance activities,"Value added, gross",Austria,2019,14836.8,,
ESTAT:NAMA_10_A10(1.0),20/01/26 23:00:00,Annual,"Current prices, million euro",Financial and insurance activities,"Value added, gross",Austria,2020,14659.1,,
ESTAT:NAMA_10_A10(1.0),20/01/26 23:00:00,Annual,"Current prices, million euro",Financial and insurance activities,"Value added, gross",Austria,2021,16731.9,,
ESTAT:NAMA_10_A10(1.0),20/01/26 23:00:00,Annual,"Current prices, million euro",Financial and insurance activities,"Value added, gross",Austria,2022,18202.0,,
ESTAT:NAMA_10_A10(1.0),20/01/26 23:00:00,Annual,"Current prices, million euro",Financial and insurance activities,"Value added, gross",Austria,2023,21769.3,,
ESTAT:NAMA_10_A10(1.0),20/01/26 23:00:00,Annual,"Current prices, million euro",Financial and insurance activities,"Value added, gross",Germany,2000,81120.0,,
ESTAT:NAMA_10_A10(1.0),20/01/26 23:00:00,Annual,"Current prices, million euro",Financial and insurance activities,"Value added, gross",Germany,2001,83222.0,,
ESTAT:NAMA_10_A10(1.0),20/01/26 23:00:00,Annual,"Current prices, million euro",Financial and insurance activities,"Value added, gross",Germany,2002,90726.0,,
ESTAT:NAMA_10_A10(1.0),20/01/26 23:00:00,Annual,"Current prices, million euro",Financial and insurance activities,"Value added, gross",Germany,2003,101168.0,,
ESTAT:NAMA_10_A10(1.0),20/01/26 23:00:00,Annual,"Current prices, million euro",Financial and insurance activities,"Value added, gross",Germany,2004,114215.0,,
ESTAT:NAMA_10_A10(1.0),20/01/26 23:00:00,Annual,"Current prices, million euro",Financial and insurance activities,"Value added, gross",Germany,2005,112020.0,,
ESTAT:NAMA_10_A10(1.0),20/01/26 23:00:00,Annual,"Current prices, million euro",Financial and insurance activities,"Value added, gross",Germany,2006,111765.0,,
ESTAT:NAMA_10_A10(1.0),20/01/26 23:00:00,Annual,"Current prices, million euro",Financial and insurance activities,"Value added, gross",Germany,2007,105857.0,,
ESTAT:NAMA_10_A10(1.0),20/01/26 23:00:00,Annual,"Current prices, million euro",Financial and insurance activities,"Value added, gross",Germany,2008,98179.0,,
ESTAT:NAMA_10_A10(1.0),20/01/26 23:00:00,Annual,"Current prices, million euro",Financial and insurance activities,"Value added, gross",Germany,2009,110761.0,,
ESTAT:NAMA_10_A10(1.0),20/01/26 23:00:00,Annual,"Current prices, million euro",Financial and insurance activities,"Value added, gross",Germany,2010,115367.0,,
ESTAT:NAMA_10_A10(1.0),20/01/26 23:00:00,Annual,"Current prices, million euro",Financial and insurance activities,"Value added, gross",Germany,2011,118868.0,,
ESTAT:NAMA_10_A10(1.0),20/01/26 23:00:00,Annual,"Current prices, million euro",Financial and insurance activities,"Value added, gross",Germany,2012,121913.0,,
ESTAT:NAMA_10_A10(1.0),20/01/26 23:00:00,Annual,"Current prices, million euro",Financial and insurance activities,"Value added, gross",Germany,2013,119300.0,,
ESTAT:NAMA_10_A10(1.0),20/01/26 23:00:00,Annual,"Current prices, million euro",Financial and insurance activities,"Value added, gross",Germany,2014,120155.0,,
ESTAT:NAMA_10_A10(1.0),20/01/26 23:00:00,Annual,"Current prices, million euro",Financial and insurance activities,"Value added, gross",Germany,2015,124832.0,,
ESTAT:NAMA_10_A10(1.0),20/01/26 23:00:00,Annual,"Current prices, million euro",Financial and insurance activities,"Value added, gross",Germany,2016,122325.0,,
ESTAT:NAMA_10_A10(1.0),20/01/26 23:00:00,Annual,"Current prices, million euro",Financial and insurance activities,"Value added, gross",Germany,2017,121140.0,,
ESTAT:NAMA_10_A10(1.0),20/01/26 23:00:00,Annual,"Current prices, million euro",Financial and insurance activities,"Value added, gross",Germany,2018,120446.0,,
ESTAT:NAMA_10_A10(1.0),20/01/26 23:00:00,Annual,"Current prices, million euro",Financial and insurance activities,"Value added, gross",Germany,2019,125949.0,,
ESTAT:NAMA_10_A10(1.0),20/01/26 23:00:00,Annual,"Current prices, million euro",Financial and insurance activities,"Value added, gross",Germany,2020,128334.0,,
ESTAT:NAMA_10_A10(1.0),20/01/26 23:00:00,Annual,"Current prices, million euro",Financial and insurance activities,"Value added, gross",Germany,2021,138836.0,,
ESTAT:NAMA_10_A10(1.0),20/01/26 23:00:00,Annual,"Current prices, million euro",Financial and insurance activities,"Value added, gross",Germany,2022,135040.0,p,
ESTAT:NAMA_10_A10(1.0),20/01/26 23:00:00,Annual,"Current prices, million euro",Financial and insurance activities,"Value added, gross",Germany,2023,149169.0,p,
ESTAT:NAMA_10_A10(1.0),20/01/26 23:00:00,Annual,"Current prices, million euro",Financial and insurance activities,"Value added, gross",Spain,2000,25383.0,,
ESTAT:NAMA_10_A10(1.0),20/01/26 23:00:00,Annual,"Current prices, million euro",Financial and insurance activities,"Value added, gross",Spain,2001,29787.0,,
ESTAT:NAMA_10_A10(1.0),20/01/26 23:00:00,Annual,"Current prices, million euro",Financial and insurance activities,"Value added, gross",Spain,2002,31761.0,,
ESTAT:NAMA_10_A10(1.0),20/01/26 23:00:00,Annual,"Current prices, million euro",Financial and insurance activities,"Value added, gross",Spain,2003,32816.0,,
ESTAT:NAMA_10_A10(1.0),20/01/26 23:00:00,Annual,"Current prices, million euro",Financial and insurance activities,"Value added, gross",Spain,2004,35212.0,,
ESTAT:NAMA_10_A10(1.0),20/01/26 23:00:00,Annual,"Current prices, million euro",Financial and insurance activities,"Value added, gross",Spain,2005,37445.0,,
ESTAT:NAMA_10_A10(1.0),20/01/26 23:00:00,Annual,"Current prices, million euro",Financial and insurance activities,"Value added, gross",Spain,2006,41527.0,,
ESTAT:NAMA_10_A10(1.0),20/01/26 23:00:00,Annual,"Current prices, million euro",Financial and insurance activities,"Value added, gross",Spain,2007,47932.0,,
ESTAT:NAMA_10_A10(1.0),20/01/26 23:00:00,Annual,"Current prices, million euro",Financial and insurance activities,"Value added, gross",Spain,2008,52201.0,,
ESTAT:NAMA_10_A10(1.0),20/01/26 23:00:00,Annual,"Current prices, million euro",Financial and insurance activities,"Value added, gross",Spain,2009,55356.0,,
ESTAT:NAMA_10_A10(1.0),20/01/26 23:00:00,Annual,"Current prices, million euro",Financial and insurance activities,"Value added, gross",Spain,2010,41244.0,,
ESTAT:NAMA_10_A10(1.0),20/01/26 23:00:00,Annual,"Current prices, million euro",Financial and insurance activities,"Value added, gross",Spain,2011,38944.0,,
ESTAT:NAMA_10_A10(1.0),20/01/26 23:00:00,Annual,"Current prices, million euro",Financial and insurance activities,"Value added, gross",Spain,2012,40135.0,,
ESTAT:NAMA_10_A10(1.0),20/01/26 23:00:00,Annual,"Current prices, million euro",Financial and insurance activities,"Value added, gross",Spain,2013,33670.0,,
ESTAT:NAMA_10_A10(1.0),20/01/26 23:00:00,Annual,"Current prices, million euro",Financial and insurance activities,"Value added, gross",Spain,2014,36682.0,,
ESTAT:NAMA_10_A10(1.0),20/01/26 23:00:00,Annual,"Current prices, million euro",Financial and insurance activities,"Value added, gross",Spain,2015,37138.0,,
ESTAT:NAMA_10_A10(1.0),20/01/26 23:00:00,Annual,"Current prices, million euro",Financial and insurance activities,"Value added, gross",Spain,2016,39036.0,,
ESTAT:NAMA_10_A10(1.0),20/01/26 23:00:00,Annual,"Current prices, million euro",Financial and insurance activities,"Value added, gross",Spain,2017,40551.0,,
ESTAT:NAMA_10_A10(1.0),20/01/26 23:00:00,Annual,"Current prices, million euro",Financial and insurance activities,"Value added, gross",Spain,2018,44539.0,,
ESTAT:NAMA_10_A10(1.0),20/01/26 23:00:00,Annual,"Current prices, million euro",Financial and insurance activities,"Value added, gross",Spain,2019,43851.0,,
ESTAT:NAMA_10_A10(1.0),20/01/26 23:00:00,Annual,"Current prices, million euro",Financial and insurance activities,"Value added, gross",Spain,2020,45965.0,,
ESTAT:NAMA_10_A10(1.0),20/01/26 23:00:00,Annual,"Current prices, million euro",Financial and insurance activities,"Value added, gross",Spain,2021,46505.0,,
ESTAT:NAMA_10_A10(1.0),20/01/26 23:00:00,Annual,"Current prices, million euro",Financial and insurance activities,"Value added, gross",Spain,2022,52948.0,,
ESTAT:NAMA_10_A10(1.0),20/01/26 23:00:00,Annual,"Current prices, million euro",Financial and insurance activities,"Value added, gross",Spain,2023,73730.0,p,
ESTAT:NAMA_10_A10(1.0),20/01/26 23:00:00,Annual,"Current prices, million euro",Financial and insurance activities,"Value added, gross",Netherlands,2000,29670.0,,
ESTAT:NAMA_10_A10(1.0),20/01/26 23:00:00,Annual,"Current prices, million euro",Financial and insurance activities,"Value added, gross",Netherlands,2001,32053.0,,
ESTAT:NAMA_10_A10(1.0),20/01/26 23:00:00,Annual,"Current prices, million euro",Financial and insurance activities,"Value added, gross",Netherlands,2002,33803.0,,
ESTAT:NAMA_10_A10(1.0),20/01/26 23:00:00,Annual,"Current prices, million euro",Financial and insurance activities,"Value added, gross",Netherlands,2003,35672.0,,
ESTAT:NAMA_10_A10(1.0),20/01/26 23:00:00,Annual,"Current prices, million euro",Financial and insurance activities,"Value added, gross",Netherlands,2004,36164.0,,
ESTAT:NAMA_10_A10(1.0),20/01/26 23:00:00,Annual,"Current prices, million euro",Financial and insurance activities,"Value added, gross",Netherlands,2005,37327.0,,
ESTAT:NAMA_10_A10(1.0),20/01/26 23:00:00,Annual,"Current prices, million euro",Financial and insurance activities,"Value added, gross",Netherlands,2006,37104.0,,
ESTAT:NAMA_10_A10(1.0),20/01/26 23:00:00,Annual,"Current prices, million euro",Financial and insurance activities,"Value added, gross",Netherlands,2007,37202.0,,
ESTAT:NAMA_10_A10(1.0),20/01/26 23:00:00,Annual,"Current prices, million euro",Financial and insurance activities,"Value added, gross",Netherlands,2008,36978.0,,
ESTAT:NAMA_10_A10(1.0),20/01/26 23:00:00,Annual,"Current prices, million euro",Financial and insurance activities,"Value added, gross",Netherlands,2009,44177.0,,
ESTAT:NAMA_10_A10(1.0),20/01/26 23:00:00,Annual,"Current prices, million euro",Financial and insurance activities,"Value added, gross",Netherlands,2010,51454.0,,
ESTAT:NAMA_10_A10(1.0),20/01/26 23:00:00,Annual,"Current prices, million euro",Financial and insurance activities,"Value added, gross",Netherlands,2011,51549.0,,
ESTAT:NAMA_10_A10(1.0),20/01/26 23:00:00,Annual,"Current prices, million euro",Financial and insurance activities,"Value added, gross",Netherlands,2012,54017.0,,
ESTAT:NAMA_10_A10(1.0),20/01/26 23:00:00,Annual,"Current prices, million euro",Financial and insurance activities,"Value added, gross",Netherlands,2013,52022.0,,
ESTAT:NAMA_10_A10(1.0),20/01/26 23:00:00,Annual,"Current prices, million euro",Financial and insurance activities,"Value added, gross",Netherlands,2014,55231.0,,
ESTAT:NAMA_10_A10(1.0),20/01/26 23:00:00,Annual,"Current prices, million euro",Financial and insurance activities,"Value added, gross",Netherlands,2015,54915.0,,
ESTAT:NAMA_10_A10(1.0),20/01/26 23:00:00,Annual,"Current prices, million euro",Financial and insurance activities,"Value added, gross",Netherlands,2016,52353.0,,
ESTAT:NAMA_10_A10(1.0),20/01/26 23:00:00,Annual,"Current prices, million euro",Financial and insurance activities,"Value added, gross",Netherlands,2017,50940.0,,
ESTAT:NAMA_10_A10(1.0),20/01/26 23:00:00,Annual,"Current prices, million euro",Financial and insurance activities,"Value added, gross",Netherlands,2018,50410.0,,
ESTAT:NAMA_10_A10(1.0),20/01/26 23:00:00,Annual,"Current prices, million euro",Financial and insurance activities,"Value added, gross",Netherlands,2019,51649.0,,
ESTAT:NAMA_10_A10(1.0),20/01/26 23:00:00,Annual,"Current prices, million euro",Financial and insurance activities,"Value added, gross",Netherlands,2020,52838.0,,
ESTAT:NAMA_10_A10(1.0),20/01/26 23:00:00,Annual,"Current prices, million euro",Financial and insurance activities,"Value added, gross",Netherlands,2021,51072.0,,
ESTAT:NAMA_10_A10(1.0),20/01/26 23:00:00,Annual,"Current prices, million euro",Financial and insurance activities,"Value added, gross",Netherlands,2022,51766.0,,
ESTAT:NAMA_10_A10(1.0),20/01/26 23:00:00,Annual,"Current prices, million euro",Financial and insurance activities,"Value added, gross",Netherlands,2023,48271.0,,
ESTAT:NAMA_10_A10(1.0),20/01/26 23:00:00,Annual,"Current prices, million euro",Financial and insurance activities,"Value added, gross",Portugal,2000,6529.0,,
ESTAT:NAMA_10_A10(1.0),20/01/26 23:00:00,Annual,"Current prices, million euro",Financial and insurance activities,"Value added, gross",Portugal,2001,7607.2,,
ESTAT:NAMA_10_A10(1.0),20/01/26 23:00:00,Annual,"Current prices, million euro",Financial and insurance activities,"Value added, gross",Portugal,2002,7767.3,,
ESTAT:NAMA_10_A10(1.0),20/01/26 23:00:00,Annual,"Current prices, million euro",Financial and insurance activities,"Value added, gross",Portugal,2003,8215.0,,
ESTAT:NAMA_10_A10(1.0),20/01/26 23:00:00,Annual,"Current prices, million euro",Financial and insurance activities,"Value added, gross",Portugal,2004,8800.5,,
ESTAT:NAMA_10_A10(1.0),20/01/26 23:00:00,Annual,"Current prices, million euro",Financial and insurance activities,"Value added, gross",Portugal,2005,9008.2,,
ESTAT:NAMA_10_A10(1.0),20/01/26 23:00:00,Annual,"Current prices, million euro",Financial and insurance activities,"Value added, gross",Portugal,2006,10669.7,,
ESTAT:NAMA_10_A10(1.0),20/01/26 23:00:00,Annual,"Current prices, million euro",Financial and insurance activities,"Value added, gross",Portugal,2007,11674.0,,
ESTAT:NAMA_10_A10(1.0),20/01/26 23:00:00,Annual,"Current prices, million euro",Financial and insurance activities,"Value added, gross",Portugal,2008,12601.9,,
ESTAT:NAMA_10_A10(1.0),20/01/26 23:00:00,Annual,"Current prices, million euro",Financial and insurance activities,"Value added, gross",Portugal,2009,10955.1,,
ESTAT:NAMA_10_A10(1.0),20/01/26 23:00:00,Annual,"Current prices, million euro",Financial and insurance activities,"Value added, gross",Portugal,2010,10367.9,,
ESTAT:NAMA_10_A10(1.0),20/01/26 23:00:00,Annual,"Current prices, million euro",Financial and insurance activities,"Value added, gross",Portugal,2011,10755.4,,
ESTAT:NAMA_10_A10(1.0),20/01/26 23:00:00,Annual,"Current prices, million euro",Financial and insurance activities,"Value added, gross",Portugal,2012,9214.2,,
ESTAT:NAMA_10_A10(1.0),20/01/26 23:00:00,Annual,"Current prices, million euro",Financial and insurance activities,"Value added, gross",Portugal,2013,8203.3,,
ESTAT:NAMA_10_A10(1.0),20/01/26 23:00:00,Annual,"Current prices, million euro",Financial and insurance activities,"Value added, gross",Portugal,2014,7948.2,,
ESTAT:NAMA_10_A10(1.0),20/01/26 23:00:00,Annual,"Current prices, million euro",Financial and insurance activities,"Value added, gross",Portugal,2015,7861.2,,
ESTAT:NAMA_10_A10(1.0),20/01/26 23:00:00,Annual,"Current prices, million euro",Financial and insurance activities,"Value added, gross",Portugal,2016,8084.5,,
ESTAT:NAMA_10_A10(1.0),20/01/26 23:00:00,Annual,"Current prices, million euro",Financial and insurance activities,"Value added, gross",Portugal,2017,7968.0,,
ESTAT:NAMA_10_A10(1.0),20/01/26 23:00:00,Annual,"Current prices, million euro",Financial and insurance activities,"Value added, gross",Portugal,2018,8363.7,,
ESTAT:NAMA_10_A10(1.0),20/01/26 23:00:00,Annual,"Current prices, million euro",Financial and insurance activities,"Value added, gross",Portugal,2019,8909.7,,
ESTAT:NAMA_10_A10(1.0),20/01/26 23:00:00,Annual,"Current prices, million euro",Financial and insurance activities,"Value added, gross",Portugal,2020,9255.8,,
ESTAT:NAMA_10_A10(1.0),20/01/26 23:00:00,Annual,"Current prices, million euro",Financial and insurance activities,"Value added, gross",Portugal,2021,9604.2,,
ESTAT:NAMA_10_A10(1.0),20/01/26 23:00:00,Annual,"Current prices, million euro",Financial and insurance activities,"Value added, gross",Portugal,2022,11430.9,,
ESTAT:NAMA_10_A10(1.0),20/01/26 23:00:00,Annual,"Current prices, million euro",Financial and insurance activities,"Value added, gross",Portugal,2023,16582.6,,
ESTAT:NAMA_10_A10(1.0),20/01/26 23:00:00,Annual,"Current prices, million euro",Real estate activities,"Value added, gross",Austria,2000,14161.4,,
ESTAT:NAMA_10_A10(1.0),20/01/26 23:00:00,Annual,"Current prices, million euro",Real estate activities,"Value added, gross",Austria,2001,14751.9,,
ESTAT:NAMA_10_A10(1.0),20/01/26 23:00:00,Annual,"Current prices, million euro",Real estate activities,"Value added, gross",Austria,2002,15526.6,,
ESTAT:NAMA_10_A10(1.0),20/01/26 23:00:00,Annual,"Current prices, million euro",Real estate activities,"Value added, gross",Austria,2003,16298.2,,
ESTAT:NAMA_10_A10(1.0),20/01/26 23:00:00,Annual,"Current prices, million euro",Real estate activities,"Value added, gross",Austria,2004,17878.3,,
ESTAT:NAMA_10_A10(1.0),20/01/26 23:00:00,Annual,"Current prices, million euro",Real estate activities,"Value added, gross",Austria,2005,19488.5,,
ESTAT:NAMA_10_A10(1.0),20/01/26 23:00:00,Annual,"Current prices, million euro",Real estate activities,"Value added, gross",Austria,2006,20557.6,,
ESTAT:NAMA_10_A10(1.0),20/01/26 23:00:00,Annual,"Current prices, million euro",Real estate activities,"Value added, gross",Austria,2007,21233.7,,
ESTAT:NAMA_10_A10(1.0),20/01/26 23:00:00,Annual,"Current prices, million euro",Real estate activities,"Value added, gross",Austria,2008,21635.5,,
ESTAT:NAMA_10_A10(1.0),20/01/26 23:00:00,Annual,"Current prices, million euro",Real estate activities,"Value added, gross",Austria,2009,22145.5,,
ESTAT:NAMA_10_A10(1.0),20/01/26 23:00:00,Annual,"Current prices, million euro",Real estate activities,"Value added, gross",Austria,2010,23108.6,,
ESTAT:NAMA_10_A10(1.0),20/01/26 23:00:00,Annual,"Current prices, million euro",Real estate activities,"Value added, gross",Austria,2011,24341.9,,
ESTAT:NAMA_10_A10(1.0),20/01/26 23:00:00,Annual,"Current prices, million euro",Real estate activities,"Value added, gross",Austria,2012,25436.7,,
ESTAT:NAMA_10_A10(1.0),20/01/26 23:00:00,Annual,"Current prices, million euro",Real estate activities,"Value added, gross",Austria,2013,26676.5,,
ESTAT:NAMA_10_A10(1.0),20/01/26 23:00:00,Annual,"Current prices, million euro",Real estate activities,"Value added, gross",Austria,2014,27715.8,,
ESTAT:NAMA_10_A10(1.0),20/01/26 23:00:00,Annual,"Current prices, million euro",Real estate activities,"Value added, gross",Austria,2015,28934.9,,
ESTAT:NAMA_10_A10(1.0),20/01/26 23:00:00,Annual,"Current prices, million euro",Real estate activities,"Value added, gross",Austria,2016,30097.2,,
ESTAT:NAMA_10_A10(1.0),20/01/26 23:00:00,Annual,"Current prices, million euro",Real estate activities,"Value added, gross",Austria,2017,31749.8,,
ESTAT:NAMA_10_A10(1.0),20/01/26 23:00:00,Annual,"Current prices, million euro",Real estate activities,"Value added, gross",Austria,2018,33180.2,,
ESTAT:NAMA_10_A10(1.0),20/01/26 23:00:00,Annual,"Current prices, million euro",Real estate activities,"Value added, gross",Austria,2019,34265.4,,
ESTAT:NAMA_10_A10(1.0),20/01/26 23:00:00,Annual,"Current prices, million euro",Real estate activities,"Value added, gross",Austria,2020,35353.5,,
ESTAT:NAMA_10_A10(1.0),20/01/26 23:00:00,Annual,"Current prices, million euro",Real estate activities,"Value added, gross",Austria,2021,35461.4,,
ESTAT:NAMA_10_A10(1.0),20/01/26 23:00:00,Annual,"Current prices, million euro",Real estate activities,"Value added, gross",Austria,2022,36487.1,,
ESTAT:NAMA_10_A10(1.0),20/01/26 23:00:00,Annual,"Current prices, million euro",Real estate activities,"Value added, gross",Austria,2023,40253.1,,
ESTAT:NAMA_10_A10(1.0),20/01/26 23:00:00,Annual,"Current prices, million euro",Real estate activities,"Value added, gross",Germany,2000,206688.0,,
ESTAT:NAMA_10_A10(1.0),20/01/26 23:00:00,Annual,"Current prices, million euro",Real estate activities,"Value added, gross",Germany,2001,217079.0,,
ESTAT:NAMA_10_A10(1.0),20/01/26 23:00:00,Annual,"Current prices, million euro",Real estate activities,"Value added, gross",Germany,2002,223394.0,,
ESTAT:NAMA_10_A10(1.0),20/01/26 23:00:00,Annual,"Current prices, million euro",Real estate activities,"Value added, gross",Germany,2003,223920.0,,
ESTAT:NAMA_10_A10(1.0),20/01/26 23:00:00,Annual,"Current prices, million euro",Real estate activities,"Value added, gross",Germany,2004,225336.0,,
ESTAT:NAMA_10_A10(1.0),20/01/26 23:00:00,Annual,"Current prices, million euro",Real estate activities,"Value added, gross",Germany,2005,232110.0,,
ESTAT:NAMA_10_A10(1.0),20/01/26 23:00:00,Annual,"Current prices, million euro",Real estate activities,"Value added, gross",Germany,2006,245382.0,,
ESTAT:NAMA_10_A10(1.0),20/01/26 23:00:00,Annual,"Current prices, million euro",Real estate activities,"Value added, gross",Germany,2007,257835.0,,
ESTAT:NAMA_10_A10(1.0),20/01/26 23:00:00,Annual,"Current prices, million euro",Real estate activities,"Value added, gross",Germany,2008,267636.0,,
ESTAT:NAMA_10_A10(1.0),20/01/26 23:00:00,Annual,"Current prices, million euro",Real estate activities,"Value added, gross",Germany,2009,263427.0,,
ESTAT:NAMA_10_A10(1.0),20/01/26 23:00:00,Annual,"Current prices, million euro",Real estate activities,"Value added, gross",Germany,2010,264734.0,,
ESTAT:NAMA_10_A10(1.0),20/01/26 23:00:00,Annual,"Current prices, million euro",Real estate activities,"Value added, gross",Germany,2011,281022.0,,
ESTAT:NAMA_10_A10(1.0),20/01/26 23:00:00,Annual,"Current prices, million euro",Real estate activities,"Value added, gross",Germany,2012,276608.0,,
ESTAT:NAMA_10_A10(1.0),20/01/26 23:00:00,Annual,"Current prices, million euro",Real estate activities,"Value added, gross",Germany,2013,287595.0,,
ESTAT:NAMA_10_A10(1.0),20/01/26 23:00:00,Annual,"Current prices, million euro",Real estate activities,"Value added, gross",Germany,2014,293879.0,,
ESTAT:NAMA_10_A10(1.0),20/01/26 23:00:00,Annual,"Current prices, million euro",Real estate activities,"Value added, gross",Germany,2015,304542.0,,
ESTAT:NAMA_10_A10(1.0),20/01/26 23:00:00,Annual,"Current prices, million euro",Real estate activities,"Value added, gross",Germany,2016,311455.0,,
ESTAT:NAMA_10_A10(1.0),20/01/26 23:00:00,Annual,"Current prices, million euro",Real estate activities,"Value added, gross",Germany,2017,317987.0,,
ESTAT:NAMA_10_A10(1.0),20/01/26 23:00:00,Annual,"Current prices, million euro",Real estate activities,"Value added, gross",Germany,2018,322425.0,,
ESTAT:NAMA_10_A10(1.0),20/01/26 23:00:00,Annual,"Current prices, million euro",Real estate activities,"Value added, gross",Germany,2019,329105.0,,
ESTAT:NAMA_10_A10(1.0),20/01/26 23:00:00,Annual,"Current prices, million euro",Real estate activities,"Value added, gross",Germany,2020,333172.0,,
ESTAT:NAMA_10_A10(1.0),20/01/26 23:00:00,Annual,"Current prices, million euro",Real estate activities,"Value added, gross",Germany,2021,339710.0,,
ESTAT:NAMA_10_A10(1.0),20/01/26 23:00:00,Annual,"Current prices, million euro",Real estate activities,"Value added, gross",Germany,2022,346060.0,p,
ESTAT:NAMA_10_A10(1.0),20/01/26 23:00:00,Annual,"Current prices, million euro",Real estate activities,"Value added, gross",Germany,2023,374433.0,p,
ESTAT:NAMA_10_A10(1.0),20/01/26 23:00:00,Annual,"Current prices, million euro",Real estate activities,"Value added, gross",Spain,2000,36664.0,,
ESTAT:NAMA_10_A10(1.0),20/01/26 23:00:00,Annual,"Current prices, million euro",Real estate activities,"Value added, gross",Spain,2001,39986.0,,
ESTAT:NAMA_10_A10(1.0),20/01/26 23:00:00,Annual,"Current prices, million euro",Real estate activities,"Value added, gross",Spain,2002,46126.0,,
ESTAT:NAMA_10_A10(1.0),20/01/26 23:00:00,Annual,"Current prices, million euro",Real estate activities,"Value added, gross",Spain,2003,52404.0,,
ESTAT:NAMA_10_A10(1.0),20/01/26 23:00:00,Annual,"Current prices, million euro",Real estate activities,"Value added, gross",Spain,2004,60041.0,,
ESTAT:NAMA_10_A10(1.0),20/01/26 23:00:00,Annual,"Current prices, million euro",Real estate activities,"Value added, gross",Spain,2005,69288.0,,
ESTAT:NAMA_10_A10(1.0),20/01/26 23:00:00,Annual,"Current prices, million euro",Real estate activities,"Value added, gross",Spain,2006,79190.0,,
ESTAT:NAMA_10_A10(1.0),20/01/26 23:00:00,Annual,"Current prices, million euro",Real estate activities,"Value added, gross",Spain,2007,92356.0,,
ESTAT:NAMA_10_A10(1.0),20/01/26 23:00:00,Annual,"Current prices, million euro",Real estate activities,"Value added, gross",Spain,2008,98859.0,,
ESTAT:NAMA_10_A10(1.0),20/01/26 23:00:00,Annual,"Current prices, million euro",Real estate activities,"Value added, gross",Spain,2009,97197.0,,
ESTAT:NAMA_10_A10(1.0),20/01/26 23:00:00,Annual,"Current prices, million euro",Real estate activities,"Value added, gross",Spain,2010,109377.0,,
ESTAT:NAMA_10_A10(1.0),20/01/26 23:00:00,Annual,"Current prices, million euro",Real estate activities,"Value added, gross",Spain,2011,115567.0,,
ESTAT:NAMA_10_A10(1.0),20/01/26 23:00:00,Annual,"Current prices, million euro",Real estate activities,"Value added, gross",Spain,2012,118011.0,,
ESTAT:NAMA_10_A10(1.0),20/01/26 23:00:00,Annual,"Current prices, million euro",Real estate activities,"Value added, gross",Spain,2013,122453.0,,
ESTAT:NAMA_10_A10(1.0),20/01/26 23:00:00,Annual,"Current prices, million euro",Real estate activities,"Value added, gross",Spain,2014,121851.0,,
ESTAT:NAMA_10_A10(1.0),20/01/26 23:00:00,Annual,"Current prices, million euro",Real estate activities,"Value added, gross",Spain,2015,119749.0,,
ESTAT:NAMA_10_A10(1.0),20/01/26 23:00:00,Annual,"Current prices, million euro",Real estate activities,"Value added, gross",Spain,2016,121874.0,,
ESTAT:NAMA_10_A10(1.0),20/01/26 23:00:00,Annual,"Current prices, million euro",Real estate activities,"Value added, gross",Spain,2017,124735.0,,
ESTAT:NAMA_10_A10(1.0),20/01/26 23:00:00,Annual,"Current prices, million euro",Real estate activities,"Value added, gross",Spain,2018,129739.0,,
ESTAT:NAMA_10_A10(1.0),20/01/26 23:00:00,Annual,"Current prices, million euro",Real estate activities,"Value added, gross",Spain,2019,133936.0,,
ESTAT:NAMA_10_A10(1.0),20/01/26 23:00:00,Annual,"Current prices, million euro",Real estate activities,"Value added, gross",Spain,2020,134806.0,,
ESTAT:NAMA_10_A10(1.0),20/01/26 23:00:00,Annual,"Current prices, million euro",Real estate activities,"Value added, gross",Spain,2021,138045.0,,
ESTAT:NAMA_10_A10(1.0),20/01/26 23:00:00,Annual,"Current prices, million euro",Real estate activities,"Value added, gross",Spain,2022,146180.0,,
ESTAT:NAMA_10_A10(1.0),20/01/26 23:00:00,Annual,"Current prices, million euro",Real estate activities,"Value added, gross",Spain,2023,159783.0,p,
ESTAT:NAMA_10_A10(1.0),20/01/26 23:00:00,Annual,"Current prices, million euro",Real estate activities,"Value added, gross",Netherlands,2000,32538.0,,
ESTAT:NAMA_10_A10(1.0),20/01/26 23:00:00,Annual,"Current prices, million euro",Real estate activities,"Value added, gross",Netherlands,2001,26756.0,,
ESTAT:NAMA_10_A10(1.0),20/01/26 23:00:00,Annual,"Current prices, million euro",Real estate activities,"Value added, gross",Netherlands,2002,28919.0,,
ESTAT:NAMA_10_A10(1.0),20/01/26 23:00:00,Annual,"Current prices, million euro",Real estate activities,"Value added, gross",Netherlands,2003,31680.0,,
ESTAT:NAMA_10_A10(1.0),20/01/26 23:00:00,Annual,"Current prices, million euro",Real estate activities,"Value added, gross",Netherlands,2004,34306.0,,
ESTAT:NAMA_10_A10(1.0),20/01/26 23:00:00,Annual,"Current prices, million euro",Real estate activities,"Value added, gross",Netherlands,2005,35314.0,,
ESTAT:NAMA_10_A10(1.0),20/01/26 23:00:00,Annual,"Current prices, million euro",Real estate activities,"Value added, gross",Netherlands,2006,40557.0,,
ESTAT:NAMA_10_A10(1.0),20/01/26 23:00:00,Annual,"Current prices, million euro",Real estate activities,"Value added, gross",Netherlands,2007,45644.0,,
ESTAT:NAMA_10_A10(1.0),20/01/26 23:00:00,Annual,"Current prices, million euro",Real estate activities,"Value added, gross",Netherlands,2008,46840.0,,
ESTAT:NAMA_10_A10(1.0),20/01/26 23:00:00,Annual,"Current prices, million euro",Real estate activities,"Value added, gross",Netherlands,2009,37445.0,,
ESTAT:NAMA_10_A10(1.0),20/01/26 23:00:00,Annual,"Current prices, million euro",Real estate activities,"Value added, gross",Netherlands,2010,35788.0,,
ESTAT:NAMA_10_A10(1.0),20/01/26 23:00:00,Annual,"Current prices, million euro",Real estate activities,"Value added, gross",Netherlands,2011,36613.0,,
ESTAT:NAMA_10_A10(1.0),20/01/26 23:00:00,Annual,"Current prices, million euro",Real estate activities,"Value added, gross",Netherlands,2012,31700.0,,
ESTAT:NAMA_10_A10(1.0),20/01/26 23:00:00,Annual,"Current prices, million euro",Real estate activities,"Value added, gross",Netherlands,2013,33630.0,,
ESTAT:NAMA_10_A10(1.0),20/01/26 23:00:00,Annual,"Current prices, million euro",Real estate activities,"Value added, gross",Netherlands,2014,35816.0,,
ESTAT:NAMA_10_A10(1.0),20/01/26 23:00:00,Annual,"Current prices, million euro",Real estate activities,"Value added, gross",Netherlands,2015,36277.0,,
ESTAT:NAMA_10_A10(1.0),20/01/26 23:00:00,Annual,"Current prices, million euro",Real estate activities,"Value added, gross",Netherlands,2016,37535.0,,
ESTAT:NAMA_10_A10(1.0),20/01/26 23:00:00,Annual,"Current prices, million euro",Real estate activities,"Value added, gross",Netherlands,2017,41501.0,,
ESTAT:NAMA_10_A10(1.0),20/01/26 23:00:00,Annual,"Current prices, million euro",Real estate activities,"Value added, gross",Netherlands,2018,45337.0,,
ESTAT:NAMA_10_A10(1.0),20/01/26 23:00:00,Annual,"Current prices, million euro",Real estate activities,"Value added, gross",Netherlands,2019,46104.0,,
ESTAT:NAMA_10_A10(1.0),20/01/26 23:00:00,Annual,"Current prices, million euro",Real estate activities,"Value added, gross",Netherlands,2020,47533.0,,
ESTAT:NAMA_10_A10(1.0),20/01/26 23:00:00,Annual,"Current prices, million euro",Real estate activities,"Value added, gross",Netherlands,2021,50712.0,,
ESTAT:NAMA_10_A10(1.0),20/01/26 23:00:00,Annual,"Current prices, million euro",Real estate activities,"Value added, gross",Netherlands,2022,61450.0,,
ESTAT:NAMA_10_A10(1.0),20/01/26 23:00:00,Annual,"Current prices, million euro",Real estate activities,"Value added, gross",Netherlands,2023,75564.0,,
ESTAT:NAMA_10_A10(1.0),20/01/26 23:00:00,Annual,"Current prices, million euro",Real estate activities,"Value added, gross",Portugal,2000,8595.0,,
ESTAT:NAMA_10_A10(1.0),20/01/26 23:00:00,Annual,"Current prices, million euro",Real estate activities,"Value added, gross",Portugal,2001,8798.4,,
ESTAT:NAMA_10_A10(1.0),20/01/26 23:00:00,Annual,"Current prices, million euro",Real estate activities,"Value added, gross",Portugal,2002,9679.7,,
ESTAT:NAMA_10_A10(1.0),20/01/26 23:00:00,Annual,"Current prices, million euro",Real estate activities,"Value added, gross",Portugal,2003,10456.7,,
ESTAT:NAMA_10_A10(1.0),20/01/26 23:00:00,Annual,"Current prices, million euro",Real estate activities,"Value added, gross",Portugal,2004,10940.7,,
ESTAT:NAMA_10_A10(1.0),20/01/26 23:00:00,Annual,"Current prices, million euro",Real estate activities,"Value added, gross",Portugal,2005,11922.3,,
ESTAT:NAMA_10_A10(1.0),20/01/26 23:00:00,Annual,"Current prices, million euro",Real estate activities,"Value added, gross",Portugal,2006,12484.4,,
ESTAT:NAMA_10_A10(1.0),20/01/26 23:00:00,Annual,"Current prices, million euro",Real estate activities,"Value added, gross",Portugal,2007,13958.2,,
ESTAT:NAMA_10_A10(1.0),20/01/26 23:00:00,Annual,"Current prices, million euro",Real estate activities,"Value added, gross",Portugal,2008,14671.9,,
ESTAT:NAMA_10_A10(1.0),20/01/26 23:00:00,Annual,"Current prices, million euro",Real estate activities,"Value added, gross",Portugal,2009,15243.6,,
ESTAT:NAMA_10_A10(1.0),20/01/26 23:00:00,Annual,"Current prices, million euro",Real estate activities,"Value added, gross",Portugal,2010,16723.4,,
ESTAT:NAMA_10_A10(1.0),20/01/26 23:00:00,Annual,"Current prices, million euro",Real estate activities,"Value added, gross",Portugal,2011,16538.2,,
ESTAT:NAMA_10_A10(1.0),20/01/26 23:00:00,Annual,"Current prices, million euro",Real estate activities,"Value added, gross",Portugal,2012,17376.0,,
ESTAT:NAMA_10_A10(1.0),20/01/26 23:00:00,Annual,"Current prices, million euro",Real estate activities,"Value added, gross",Portugal,2013,18578.3,,
ESTAT:NAMA_10_A10(1.0),20/01/26 23:00:00,Annual,"Current prices, million euro",Real estate activities,"Value added, gross",Portugal,2014,18862.5,,
ESTAT:NAMA_10_A10(1.0),20/01/26 23:00:00,Annual,"Current prices, million euro",Real estate activities,"Value added, gross",Portugal,2015,19100.2,,
ESTAT:NAMA_10_A10(1.0),20/01/26 23:00:00,Annual,"Current prices, million euro",Real estate activities,"Value added, gross",Portugal,2016,20173.9,,
ESTAT:NAMA_10_A10(1.0),20/01/26 23:00:00,Annual,"Current prices, million euro",Real estate activities,"Value added, gross",Portugal,2017,21214.2,,
ESTAT:NAMA_10_A10(1.0),20/01/26 23:00:00,Annual,"Current prices, million euro",Real estate activities,"Value added, gross",Portugal,2018,22163.3,,
ESTAT:NAMA_10_A10(1.0),20/01/26 23:00:00,Annual,"Current prices, million euro",Real estate activities,"Value added, gross",Portugal,2019,23260.5,,
ESTAT:NAMA_10_A10(1.0),20/01/26 23:00:00,Annual,"Current prices, million euro",Real estate activities,"Value added, gross",Portugal,2020,23562.4,,
ESTAT:NAMA_10_A10(1.0),20/01/26 23:00:00,Annual,"Current prices, million euro",Real estate activities,"Value added, gross",Portugal,2021,24399.8,,
ESTAT:NAMA_10_A10(1.0),20/01/26 23:00:00,Annual,"Current prices, million euro",Real estate activities,"Value added, gross",Portugal,2022,25585.5,,
ESTAT:NAMA_10_A10(1.0),20/01/26 23:00:00,Annual,"Current prices, million euro",Real estate activities,"Value added, gross",Portugal,2023,24767.1,,
ESTAT:NAMA_10_A10(1.0),20/01/26 23:00:00,Annual,"Current prices, million euro",Total - all NACE activities,"Value added, gross",Austria,2000,189418.9,,
ESTAT:NAMA_10_A10(1.0),20/01/26 23:00:00,Annual,"Current prices, million euro",Total - all NACE activities,"Value added, gross",Austria,2001,195976.8,,
ESTAT:NAMA_10_A10(1.0),20/01/26 23:00:00,Annual,"Current prices, million euro",Total - all NACE activities,"Value added, gross",Austria,2002,200708.4,,
ESTAT:NAMA_10_A10(1.0),20/01/26 23:00:00,Annual,"Current prices, million euro",Total - all NACE activities,"Value added, gross",Austria,2003,205864.5,,
ESTAT:NAMA_10_A10(1.0),20/01/26 23:00:00,Annual,"Current prices, million euro",Total - all NACE activities,"Value added, gross",Austria,2004,214252.0,,
ESTAT:NAMA_10_A10(1.0),20/01/26 23:00:00,Annual,"Current prices, million euro",Total - all NACE activities,"Value added, gross",Austria,2005,224194.7,,
ESTAT:NAMA_10_A10(1.0),20/01/26 23:00:00,Annual,"Current prices, million euro",Total - all NACE activities,"Value added, gross",Austria,2006,237133.7,,
ESTAT:NAMA_10_A10(1.0),20/01/26 23:00:00,Annual,"Current prices, million euro",Total - all NACE activities,"Value added, gross",Austria,2007,251596.6,,
ESTAT:NAMA_10_A10(1.0),20/01/26 23:00:00,Annual,"Current prices, million euro",Total - all NACE activities,"Value added, gross",Austria,2008,260417.8,,
ESTAT:NAMA_10_A10(1.0),20/01/26 23:00:00,Annual,"Current prices, million euro",Total - all NACE activities,"Value added, gross",Austria,2009,254814.8,,
ESTAT:NAMA_10_A10(1.0),20/01/26 23:00:00,Annual,"Current prices, million euro",Total - all NACE activities,"Value added, gross",Austria,2010,261615.0,,
ESTAT:NAMA_10_A10(1.0),20/01/26 23:00:00,Annual,"Current prices, million euro",Total - all NACE activities,"Value added, gross",Austria,2011,274204.3,,
ESTAT:NAMA_10_A10(1.0),20/01/26 23:00:00,Annual,"Current prices, million euro",Total - all NACE activities,"Value added, gross",Austria,2012,281072.7,,
ESTAT:NAMA_10_A10(1.0),20/01/26 23:00:00,Annual,"Current prices, million euro",Total - all NACE activities,"Value added, gross",Austria,2013,285327.0,,
ESTAT:NAMA_10_A10(1.0),20/01/26 23:00:00,Annual,"Current prices, million euro",Total - all NACE activities,"Value added, gross",Austria,2014,293480.3,,
ESTAT:NAMA_10_A10(1.0),20/01/26 23:00:00,Annual,"Current prices, million euro",Total - all NACE activities,"Value added, gross",Austria,2015,303845.6,,
ESTAT:NAMA_10_A10(1.0),20/01/26 23:00:00,Annual,"Current prices, million euro",Total - all NACE activities,"Value added, gross",Austria,2016,315923.9,,
ESTAT:NAMA_10_A10(1.0),20/01/26 23:00:00,Annual,"Current prices, million euro",Total - all NACE activities,"Value added, gross",Austria,2017,326371.6,,
ESTAT:NAMA_10_A10(1.0),20/01/26 23:00:00,Annual,"Current prices, million euro",Total - all NACE activities,"Value added, gross",Austria,2018,341351.6,,
ESTAT:NAMA_10_A10(1.0),20/01/26 23:00:00,Annual,"Current prices, million euro",Total - all NACE activities,"Value added, gross",Austria,2019,352742.6,,
ESTAT:NAMA_10_A10(1.0),20/01/26 23:00:00,Annual,"Current prices, million euro",Total - all NACE activities,"Value added, gross",Austria,2020,340529.9,,
ESTAT:NAMA_10_A10(1.0),20/01/26 23:00:00,Annual,"Current prices, million euro",Total - all NACE activities,"Value added, gross",Austria,2021,362536.8,,
ESTAT:NAMA_10_A10(1.0),20/01/26 23:00:00,Annual,"Current prices, million euro",Total - all NACE activities,"Value added, gross",Austria,2022,402767.1,,
ESTAT:NAMA_10_A10(1.0),20/01/26 23:00:00,Annual,"Current prices, million euro",Total - all NACE activities,"Value added, gross",Austria,2023,429634.3,,
ESTAT:NAMA_10_A10(1.0),20/01/26 23:00:00,Annual,"Current prices, million euro",Total - all NACE activities,"Value added, gross",Germany,2000,1915279.0,,
ESTAT:NAMA_10_A10(1.0),20/01/26 23:00:00,Annual,"Current prices, million euro",Total - all NACE activities,"Value added, gross",Germany,2001,1977509.0,,
ESTAT:NAMA_10_A10(1.0),20/01/26 23:00:00,Annual,"Current prices, million euro",Total - all NACE activities,"Value added, gross",Germany,2002,2003527.0,,
ESTAT:NAMA_10_A10(1.0),20/01/26 23:00:00,Annual,"Current prices, million euro",Total - all NACE activities,"Value added, gross",Germany,2003,2015904.0,,
ESTAT:NAMA_10_A10(1.0),20/01/26 23:00:00,Annual,"Current prices, million euro",Total - all NACE activities,"Value added, gross",Germany,2004,2069017.0,,
ESTAT:NAMA_10_A10(1.0),20/01/26 23:00:00,Annual,"Current prices, million euro",Total - all NACE activities,"Value added, gross",Germany,2005,2095171.0,,
ESTAT:NAMA_10_A10(1.0),20/01/26 23:00:00,Annual,"Current prices, million euro",Total - all NACE activities,"Value added, gross",Germany,2006,2184869.0,,
ESTAT:NAMA_10_A10(1.0),20/01/26 23:00:00,Annual,"Current prices, million euro",Total - all NACE activities,"Value added, gross",Germany,2007,2275687.0,,
ESTAT:NAMA_10_A10(1.0),20/01/26 23:00:00,Annual,"Current prices, million euro",Total - all NACE activities,"Value added, gross",Germany,2008,2316889.0,,
ESTAT:NAMA_10_A10(1.0),20/01/26 23:00:00,Annual,"Current prices, million euro",Total - all NACE activities,"Value added, gross",Germany,2009,2223746.0,,
ESTAT:NAMA_10_A10(1.0),20/01/26 23:00:00,Annual,"Current prices, million euro",Total - all NACE activities,"Value added, gross",Germany,2010,2341162.0,,
ESTAT:NAMA_10_A10(1.0),20/01/26 23:00:00,Annual,"Current prices, million euro",Total - all NACE activities,"Value added, gross",Germany,2011,2451563.0,,
ESTAT:NAMA_10_A10(1.0),20/01/26 23:00:00,Annual,"Current prices, million euro",Total - all NACE activities,"Value added, gross",Germany,2012,2499101.0,,
ESTAT:NAMA_10_A10(1.0),20/01/26 23:00:00,Annual,"Current prices, million euro",Total - all NACE activities,"Value added, gross",Germany,2013,2555938.0,,
ESTAT:NAMA_10_A10(1.0),20/01/26 23:00:00,Annual,"Current prices, million euro",Total - all NACE activities,"Value added, gross",Germany,2014,2662091.0,,
ESTAT:NAMA_10_A10(1.0),20/01/26 23:00:00,Annual,"Current prices, million euro",Total - all NACE activities,"Value added, gross",Germany,2015,2753317.0,,
ESTAT:NAMA_10_A10(1.0),20/01/26 23:00:00,Annual,"Current prices, million euro",Total - all NACE activities,"Value added, gross",Germany,2016,2852146.0,,
ESTAT:NAMA_10_A10(1.0),20/01/26 23:00:00,Annual,"Current prices, million euro",Total - all NACE activities,"Value added, gross",Germany,2017,2977318.0,,
ESTAT:NAMA_10_A10(1.0),20/01/26 23:00:00,Annual,"Current prices, million euro",Total - all NACE activities,"Value added, gross",Germany,2018,3069316.0,,
ESTAT:NAMA_10_A10(1.0),20/01/26 23:00:00,Annual,"Current prices, million euro",Total - all NACE activities,"Value added, gross",Germany,2019,3161673.0,,
ESTAT:NAMA_10_A10(1.0),20/01/26 23:00:00,Annual,"Current prices, million euro",Total - all NACE activities,"Value added, gross",Germany,2020,3100097.0,,
ESTAT:NAMA_10_A10(1.0),20/01/26 23:00:00,Annual,"Current prices, million euro",Total - all NACE activities,"Value added, gross",Germany,2021,3294085.0,,
ESTAT:NAMA_10_A10(1.0),20/01/26 23:00:00,Annual,"Current prices, million euro",Total - all NACE activities,"Value added, gross",Germany,2022,3591874.0,p,
ESTAT:NAMA_10_A10(1.0),20/01/26 23:00:00,Annual,"Current prices, million euro",Total - all NACE activities,"Value added, gross",Germany,2023,3853937.0,p,
ESTAT:NAMA_10_A10(1.0),20/01/26 23:00:00,Annual,"Current prices, million euro",Total - all NACE activities,"Value added, gross",Spain,2000,588595.0,,
ESTAT:NAMA_10_A10(1.0),20/01/26 23:00:00,Annual,"Current prices, million euro",Total - all NACE activities,"Value added, gross",Spain,2001,638972.0,,
ESTAT:NAMA_10_A10(1.0),20/01/26 23:00:00,Annual,"Current prices, million euro",Total - all NACE activities,"Value added, gross",Spain,2002,683365.0,,
ESTAT:NAMA_10_A10(1.0),20/01/26 23:00:00,Annual,"Current prices, million euro",Total - all NACE activities,"Value added, gross",Spain,2003,728182.0,,
ESTAT:NAMA_10_A10(1.0),20/01/26 23:00:00,Annual,"Current prices, million euro",Total - all NACE activities,"Value added, gross",Spain,2004,775872.0,,
ESTAT:NAMA_10_A10(1.0),20/01/26 23:00:00,Annual,"Current prices, million euro",Total - all NACE activities,"Value added, gross",Spain,2005,833031.0,,
ESTAT:NAMA_10_A10(1.0),20/01/26 23:00:00,Annual,"Current prices, million euro",Total - all NACE activities,"Value added, gross",Spain,2006,898262.0,,
ESTAT:NAMA_10_A10(1.0),20/01/26 23:00:00,Annual,"Current prices, million euro",Total - all NACE activities,"Value added, gross",Spain,2007,970997.0,,
ESTAT:NAMA_10_A10(1.0),20/01/26 23:00:00,Annual,"Current prices, million euro",Total - all NACE activities,"Value added, gross",Spain,2008,1025304.0,,
ESTAT:NAMA_10_A10(1.0),20/01/26 23:00:00,Annual,"Current prices, million euro",Total - all NACE activities,"Value added, gross",Spain,2009,1005567.0,,
ESTAT:NAMA_10_A10(1.0),20/01/26 23:00:00,Annual,"Current prices, million euro",Total - all NACE activities,"Value added, gross",Spain,2010,989756.0,,
ESTAT:NAMA_10_A10(1.0),20/01/26 23:00:00,Annual,"Current prices, million euro",Total - all NACE activities,"Value added, gross",Spain,2011,984997.0,,
ESTAT:NAMA_10_A10(1.0),20/01/26 23:00:00,Annual,"Current prices, million euro",Total - all NACE activities,"Value added, gross",Spain,2012,953037.0,,
ESTAT:NAMA_10_A10(1.0),20/01/26 23:00:00,Annual,"Current prices, million euro",Total - all NACE activities,"Value added, gross",Spain,2013,937641.0,,
ESTAT:NAMA_10_A10(1.0),20/01/26 23:00:00,Annual,"Current prices, million euro",Total - all NACE activities,"Value added, gross",Spain,2014,946493.0,,
ESTAT:NAMA_10_A10(1.0),20/01/26 23:00:00,Annual,"Current prices, million euro",Total - all NACE activities,"Value added, gross",Spain,2015,987936.0,,
ESTAT:NAMA_10_A10(1.0),20/01/26 23:00:00,Annual,"Current prices, million euro",Total - all NACE activities,"Value added, gross",Spain,2016,1019400.0,,
ESTAT:NAMA_10_A10(1.0),20/01/26 23:00:00,Annual,"Current prices, million euro",Total - all NACE activities,"Value added, gross",Spain,2017,1061122.0,,
ESTAT:NAMA_10_A10(1.0),20/01/26 23:00:00,Annual,"Current prices, million euro",Total - all NACE activities,"Value added, gross",Spain,2018,1097845.0,,
ESTAT:NAMA_10_A10(1.0),20/01/26 23:00:00,Annual,"Current prices, million euro",Total - all NACE activities,"Value added, gross",Spain,2019,1137968.0,,
ESTAT:NAMA_10_A10(1.0),20/01/26 23:00:00,Annual,"Current prices, million euro",Total - all NACE activities,"Value added, gross",Spain,2020,1030964.0,,
ESTAT:NAMA_10_A10(1.0),20/01/26 23:00:00,Annual,"Current prices, million euro",Total - all NACE activities,"Value added, gross",Spain,2021,1118595.0,,
ESTAT:NAMA_10_A10(1.0),20/01/26 23:00:00,Annual,"Current prices, million euro",Total - all NACE activities,"Value added, gross",Spain,2022,1254715.0,,
ESTAT:NAMA_10_A10(1.0),20/01/26 23:00:00,Annual,"Current prices, million euro",Total - all NACE activities,"Value added, gross",Spain,2023,1366751.0,p,
ESTAT:NAMA_10_A10(1.0),20/01/26 23:00:00,Annual,"Current prices, million euro",Total - all NACE activities,"Value added, gross",Netherlands,2000,405973.0,,
ESTAT:NAMA_10_A10(1.0),20/01/26 23:00:00,Annual,"Current prices, million euro",Total - all NACE activities,"Value added, gross",Netherlands,2001,430475.0,,
ESTAT:NAMA_10_A10(1.0),20/01/26 23:00:00,Annual,"Current prices, million euro",Total - all NACE activities,"Value added, gross",Netherlands,2002,449144.0,,
ESTAT:NAMA_10_A10(1.0),20/01/26 23:00:00,Annual,"Current prices, million euro",Total - all NACE activities,"Value added, gross",Netherlands,2003,459576.0,,
ESTAT:NAMA_10_A10(1.0),20/01/26 23:00:00,Annual,"Current prices, million euro",Total - all NACE activities,"Value added, gross",Netherlands,2004,473572.0,,
ESTAT:NAMA_10_A10(1.0),20/01/26 23:00:00,Annual,"Current prices, million euro",Total - all NACE activities,"Value added, gross",Netherlands,2005,492241.0,,
ESTAT:NAMA_10_A10(1.0),20/01/26 23:00:00,Annual,"Current prices, million euro",Total - all NACE activities,"Value added, gross",Netherlands,2006,522057.0,,
ESTAT:NAMA_10_A10(1.0),20/01/26 23:00:00,Annual,"Current prices, million euro",Total - all NACE activities,"Value added, gross",Netherlands,2007,554653.0,,
ESTAT:NAMA_10_A10(1.0),20/01/26 23:00:00,Annual,"Current prices, million euro",Total - all NACE activities,"Value added, gross",Netherlands,2008,580170.0,,
ESTAT:NAMA_10_A10(1.0),20/01/26 23:00:00,Annual,"Current prices, million euro",Total - all NACE activities,"Value added, gross",Netherlands,2009,564180.0,,
ESTAT:NAMA_10_A10(1.0),20/01/26 23:00:00,Annual,"Current prices, million euro",Total - all NACE activities,"Value added, gross",Netherlands,2010,575705.0,,
ESTAT:NAMA_10_A10(1.0),20/01/26 23:00:00,Annual,"Current prices, million euro",Total - all NACE activities,"Value added, gross",Netherlands,2011,589169.0,,
ESTAT:NAMA_10_A10(1.0),20/01/26 23:00:00,Annual,"Current prices, million euro",Total - all NACE activities,"Value added, gross",Netherlands,2012,593115.0,,
ESTAT:NAMA_10_A10(1.0),20/01/26 23:00:00,Annual,"Current prices, million euro",Total - all NACE activities,"Value added, gross",Netherlands,2013,598320.0,,
ESTAT:NAMA_10_A10(1.0),20/01/26 23:00:00,Annual,"Current prices, million euro",Total - all NACE activities,"Value added, gross",Netherlands,2014,609309.0,,
ESTAT:NAMA_10_A10(1.0),20/01/26 23:00:00,Annual,"Current prices, million euro",Total - all NACE activities,"Value added, gross",Netherlands,2015,627626.0,,
ESTAT:NAMA_10_A10(1.0),20/01/26 23:00:00,Annual,"Current prices, million euro",Total - all NACE activities,"Value added, gross",Netherlands,2016,644312.0,,
ESTAT:NAMA_10_A10(1.0),20/01/26 23:00:00,Annual,"Current prices, million euro",Total - all NACE activities,"Value added, gross",Netherlands,2017,671934.0,,
ESTAT:NAMA_10_A10(1.0),20/01/26 23:00:00,Annual,"Current prices, million euro",Total - all NACE activities,"Value added, gross",Netherlands,2018,703557.0,,
ESTAT:NAMA_10_A10(1.0),20/01/26 23:00:00,Annual,"Current prices, million euro",Total - all NACE activities,"Value added, gross",Netherlands,2019,739508.0,,
ESTAT:NAMA_10_A10(1.0),20/01/26 23:00:00,Annual,"Current prices, million euro",Total - all NACE activities,"Value added, gross",Netherlands,2020,726149.0,,
ESTAT:NAMA_10_A10(1.0),20/01/26 23:00:00,Annual,"Current prices, million euro",Total - all NACE activities,"Value added, gross",Netherlands,2021,791730.0,,
ESTAT:NAMA_10_A10(1.0),20/01/26 23:00:00,Annual,"Current prices, million euro",Total - all NACE activities,"Value added, gross",Netherlands,2022,888174.0,,
ESTAT:NAMA_10_A10(1.0),20/01/26 23:00:00,Annual,"Current prices, million euro",Total - all NACE activities,"Value added, gross",Netherlands,2023,944801.0,,
ESTAT:NAMA_10_A10(1.0),20/01/26 23:00:00,Annual,"Current prices, million euro",Total - all NACE activities,"Value added, gross",Portugal,2000,112482.8,,
ESTAT:NAMA_10_A10(1.0),20/01/26 23:00:00,Annual,"Current prices, million euro",Total - all NACE activities,"Value added, gross",Portugal,2001,119059.0,,
ESTAT:NAMA_10_A10(1.0),20/01/26 23:00:00,Annual,"Current prices, million euro",Total - all NACE activities,"Value added, gross",Portugal,2002,124675.0,,
ESTAT:NAMA_10_A10(1.0),20/01/26 23:00:00,Annual,"Current prices, million euro",Total - all NACE activities,"Value added, gross",Portugal,2003,127682.6,,
ESTAT:NAMA_10_A10(1.0),20/01/26 23:00:00,Annual,"Current prices, million euro",Total - all NACE activities,"Value added, gross",Portugal,2004,133071.7,,
ESTAT:NAMA_10_A10(1.0),20/01/26 23:00:00,Annual,"Current prices, million euro",Total - all NACE activities,"Value added, gross",Portugal,2005,137401.0,,
ESTAT:NAMA_10_A10(1.0),20/01/26 23:00:00,Annual,"Current prices, million euro",Total - all NACE activities,"Value added, gross",Portugal,2006,143475.0,,
ESTAT:NAMA_10_A10(1.0),20/01/26 23:00:00,Annual,"Current prices, million euro",Total - all NACE activities,"Value added, gross",Portugal,2007,152061.8,,
ESTAT:NAMA_10_A10(1.0),20/01/26 23:00:00,Annual,"Current prices, million euro",Total - all NACE activities,"Value added, gross",Portugal,2008,156036.8,,
ESTAT:NAMA_10_A10(1.0),20/01/26 23:00:00,Annual,"Current prices, million euro",Total - all NACE activities,"Value added, gross",Portugal,2009,155410.3,,
ESTAT:NAMA_10_A10(1.0),20/01/26 23:00:00,Annual,"Current prices, million euro",Total - all NACE activities,"Value added, gross",Portugal,2010,158032.3,,
ESTAT:NAMA_10_A10(1.0),20/01/26 23:00:00,Annual,"Current prices, million euro",Total - all NACE activities,"Value added, gross",Portugal,2011,154178.0,,
ESTAT:NAMA_10_A10(1.0),20/01/26 23:00:00,Annual,"Current prices, million euro",Total - all NACE activities,"Value added, gross",Portugal,2012,147300.5,,
ESTAT:NAMA_10_A10(1.0),20/01/26 23:00:00,Annual,"Current prices, million euro",Total - all NACE activities,"Value added, gross",Portugal,2013,149851.5,,
ESTAT:NAMA_10_A10(1.0),20/01/26 23:00:00,Annual,"Current prices, million euro",Total - all NACE activities,"Value added, gross",Portugal,2014,151138.9,,
ESTAT:NAMA_10_A10(1.0),20/01/26 23:00:00,Annual,"Current prices, million euro",Total - all NACE activities,"Value added, gross",Portugal,2015,156080.7,,
ESTAT:NAMA_10_A10(1.0),20/01/26 23:00:00,Annual,"Current prices, million euro",Total - all NACE activities,"Value added, gross",Portugal,2016,161745.0,,
ESTAT:NAMA_10_A10(1.0),20/01/26 23:00:00,Annual,"Current prices, million euro",Total - all NACE activities,"Value added, gross",Portugal,2017,169071.4,,
ESTAT:NAMA_10_A10(1.0),20/01/26 23:00:00,Annual,"Current prices, million euro",Total - all NACE activities,"Value added, gross",Portugal,2018,177157.3,,
ESTAT:NAMA_10_A10(1.0),20/01/26 23:00:00,Annual,"Current prices, million euro",Total - all NACE activities,"Value added, gross",Portugal,2019,185473.9,,
ESTAT:NAMA_10_A10(1.0),20/01/26 23:00:00,Annual,"Current prices, million euro",Total - all NACE activities,"Value added, gross",Portugal,2020,175104.3,,
ESTAT:NAMA_10_A10(1.0),20/01/26 23:00:00,Annual,"Current prices, million euro",Total - all NACE activities,"Value added, gross",Portugal,2021,187361.5,,
ESTAT:NAMA_10_A10(1.0),20/01/26 23:00:00,Annual,"Current prices, million euro",Total - all NACE activities,"Value added, gross",Portugal,2022,211027.9,,
ESTAT:NAMA_10_A10(1.0),20/01/26 23:00:00,Annual,"Current prices, million euro",Total - all NACE activities,"Value added, gross",Portugal,2023,235589.3,,
